,Close,Close,Close,Close
,F,GM,KMX,TSLA
Date,,,,
2017-08-28,9.167959213256836,31.728240966796875,63.47999954223633,69.13200378417969
2017-08-29,9.210442543029785,31.7371883392334,63.560001373291016,69.47200012207031
2017-08-30,9.295408248901367,32.00523376464844,65.98999786376953,70.63600158691406
2017-08-31,9.371880531311035,32.648555755615234,67.1500015258789,71.18000030517578
2017-09-01,9.643774032592773,33.381229400634766,68.12000274658203,71.08000183105469
2017-09-05,9.652271270751953,33.26507568359375,69.0199966430664,69.91799926757812
2017-09-06,9.771224975585938,33.65821075439453,69.08000183105469,68.90599822998047
2017-09-07,9.686256408691406,33.31522750854492,68.33999633789062,70.12200164794922
2017-09-08,9.652271270751953,33.396461486816406,68.47000122070312,68.68000030517578
2017-09-11,9.694754600524902,33.712364196777344,68.5,72.73799896240234
2017-09-12,9.847696304321289,34.19977569580078,68.3499984741211,72.55000305175781
2017-09-13,9.873184204101562,34.488609313964844,69.08999633789062,73.24600219726562
2017-09-14,9.82220458984375,35.01212692260742,69.45999908447266,75.52799987792969
2017-09-15,9.873184204101562,35.093360900878906,68.08000183105469,75.96199798583984
2017-09-18,9.881683349609375,34.831600189208984,68.33999633789062,77.0
2017-09-19,9.958152770996094,34.93088912963867,68.45999908447266,75.0199966430664
2017-09-20,9.94965648651123,35.093360900878906,68.66999816894531,74.78199768066406
2017-09-21,9.958152770996094,35.29193878173828,68.83999633789062,73.2959976196289
2017-09-22,10.060113906860352,35.58076095581055,74.19000244140625,70.21800231933594
2017-09-25,10.145079612731934,36.37506103515625,74.29000091552734,68.99800109863281
2017-09-26,10.13658332824707,36.338951110839844,73.58999633789062,69.05000305175781
2017-09-27,10.15357780456543,36.62779235839844,75.3499984741211,68.19400024414062
2017-09-28,10.162074089050293,36.62779235839844,75.93000030517578,67.91999816894531
2017-09-29,10.170570373535156,36.447269439697266,75.80999755859375,68.22000122070312
2017-10-02,10.272531509399414,38.04488754272461,76.58999633789062,68.30599975585938
2017-10-03,10.484950065612793,39.2182731628418,76.33000183105469,69.62799835205078
2017-10-04,10.450963973999023,39.516136169433594,76.44999694824219,71.00199890136719
2017-10-05,10.408479690551758,39.57931137084961,76.37000274658203,71.06600189208984
2017-10-06,10.459460258483887,40.55413055419922,76.80999755859375,71.3759994506836
2017-10-09,10.484950065612793,40.91517639160156,76.18000030517578,68.58799743652344
2017-10-10,10.527433395385742,40.806861877441406,76.2300033569336,71.11799621582031
2017-10-11,10.518936157226562,41.04153823852539,76.05999755859375,70.91999816894531
2017-10-12,10.298023223876953,40.51802062988281,75.69999694824219,71.13600158691406
2017-10-13,10.238545417785645,41.4116096496582,75.44000244140625,71.11399841308594
2017-10-16,10.298023223876953,41.30329132080078,75.45999908447266,70.12000274658203
2017-10-17,10.4254732131958,40.63536834716797,75.37000274658203,71.1500015258789
2017-10-18,10.357498168945312,40.725624084472656,75.26000213623047,71.93000030517578
2017-10-19,10.391485214233398,40.933223724365234,74.83999633789062,70.36199951171875
2017-10-20,10.408689498901367,41.167903900146484,75.13999938964844,69.0199966430664
2017-10-23,10.357077598571777,40.752708435058594,74.38999938964844,67.40399932861328
2017-10-24,10.486109733581543,41.95316696166992,74.77999877929688,67.46800231933594
2017-10-25,10.357077598571777,40.725624084472656,74.16999816894531,65.16799926757812
2017-10-26,10.55492877960205,40.84296417236328,74.86000061035156,65.23400115966797
2017-10-27,10.374281883239746,40.2923698425293,74.36000061035156,64.17400360107422
2017-10-30,10.408689498901367,39.146060943603516,74.94999694824219,64.01599884033203
2017-10-31,10.55492877960205,38.79404830932617,75.0999984741211,66.30599975585938
2017-11-01,10.623745918273926,38.929439544677734,74.45999908447266,64.21600341796875
2017-11-02,10.683960914611816,38.451053619384766,75.9800033569336,59.85200119018555
2017-11-03,10.632349014282227,38.21637725830078,75.19000244140625,61.21799850463867
2017-11-06,10.60654067993164,38.03585433959961,74.91000366210938,60.555999755859375
2017-11-07,10.46030330657959,37.63871383666992,73.41999816894531,61.209999084472656
2017-11-08,10.374281883239746,38.0087776184082,73.44000244140625,60.87799835205078
2017-11-09,10.357077598571777,38.0087776184082,72.18000030517578,60.597999572753906
2017-11-10,10.331271171569824,38.50520706176758,72.68000030517578,60.597999572753906
2017-11-13,10.46030330657959,39.32658386230469,72.3499984741211,63.08000183105469
2017-11-14,10.339873313903809,38.812103271484375,70.94000244140625,61.7400016784668
2017-11-15,10.32266902923584,38.685733795166016,70.72000122070312,62.2599983215332
2017-11-16,10.357077598571777,39.353660583496094,70.55000305175781,62.5
2017-11-17,10.331271171569824,39.60639572143555,69.44999694824219,63.0099983215332
2017-11-20,10.434496879577637,40.50899887084961,69.62000274658203,61.74800109863281
2017-11-21,10.425895690917969,40.590232849121094,68.75,63.5620002746582
2017-11-22,10.38288402557373,39.976463317871094,67.98999786376953,62.52000045776367
2017-11-24,10.408689498901367,40.129905700683594,68.05000305175781,63.11000061035156
2017-11-27,10.417290687561035,39.86814880371094,67.87000274658203,63.36199951171875
2017-11-28,10.503314018249512,40.545101165771484,67.45999908447266,63.5099983215332
2017-11-29,10.804393768310547,39.543209075927734,68.5,61.507999420166016
2017-11-30,10.769984245300293,38.893333435058594,68.91000366210938,61.77000045776367
2017-12-01,10.8215970993042,38.6225471496582,68.37999725341797,61.305999755859375
2017-12-04,10.864607810974121,38.85722732543945,70.70999908447266,61.040000915527344
2017-12-05,10.6925630569458,38.63157653808594,67.72000122070312,60.7400016784668
2017-12-06,10.649552345275879,38.04488754272461,66.55000305175781,62.652000427246094
2017-12-07,10.778586387634277,38.272586822509766,66.97000122070312,62.24800109863281
2017-12-08,10.847402572631836,38.272586822509766,67.4800033569336,63.0260009765625
2017-12-11,10.8215970993042,37.953800201416016,67.97000122070312,65.78199768066406
2017-12-12,10.838800430297852,37.8262825012207,66.86000061035156,68.20600128173828
2017-12-13,10.864607810974121,37.70787811279297,67.47000122070312,67.80599975585938
2017-12-14,10.718369483947754,37.17049789428711,67.08999633789062,67.5780029296875
2017-12-15,10.8215970993042,37.29801940917969,67.7300033569336,68.69000244140625
2017-12-18,10.890413284301758,38.39099884033203,68.5199966430664,67.77400207519531
2017-12-19,10.916220664978027,38.70067596435547,67.8499984741211,66.22000122070312
2017-12-20,10.94202709197998,38.728004455566406,68.47000122070312,65.7959976196289
2017-12-21,10.864607810974121,38.40010452270508,66.0,66.33200073242188
2017-12-22,10.8215970993042,38.272586822509766,65.2300033569336,65.04000091552734
2017-12-26,10.838800430297852,38.07221221923828,65.55000305175781,63.45800018310547
2017-12-27,10.752779006958008,37.625911712646484,64.91000366210938,62.327999114990234
2017-12-28,10.8215970993042,37.689666748046875,64.80999755859375,63.071998596191406
2017-12-29,10.744175910949707,37.334449768066406,64.12999725341797,62.27000045776367
2018-01-02,10.890413284301758,38.07221221923828,64.76000213623047,64.10600280761719
2018-01-03,10.976438522338867,39.001243591308594,66.94000244140625,63.45000076293945
2018-01-04,11.165685653686523,40.20352554321289,68.25,62.92399978637695
2018-01-05,11.354934692382812,40.085113525390625,71.04000091552734,63.316001892089844
2018-01-08,11.311922073364258,40.276390075683594,70.05000305175781,67.28199768066406
2018-01-09,11.251708030700684,40.121543884277344,69.80000305175781,66.73799896240234
2018-01-10,11.208695411682129,39.165191650390625,70.30000305175781,66.95999908447266
2018-01-11,11.320525169372559,40.24906539916992,71.91000366210938,67.58999633789062
2018-01-12,11.380741119384766,40.139766693115234,72.33000183105469,67.24400329589844
2018-01-16,11.268913269042969,40.24906539916992,71.33000183105469,68.01200103759766
2018-01-17,10.477508544921875,40.103336334228516,69.83999633789062,69.43199920654297
2018-01-18,10.38288402557373,39.94849395751953,70.54000091552734,68.91400146484375
2018-01-19,10.32266902923584,39.301815032958984,70.58000183105469,70.00399780273438
2018-01-22,10.339873313903809,39.42932891845703,71.48999786376953,70.31199645996094
2018-01-23,10.28825855255127,39.51129913330078,70.54000091552734,70.55799865722656
2018-01-24,10.365679740905762,40.22174072265625,70.94999694824219,69.1780014038086
2018-01-25,9.95277214050293,39.31092071533203,71.54000091552734,67.52799987792969
2018-01-26,10.021590232849121,39.61149597167969,72.41999816894531,68.56999969482422
2018-01-29,9.801238059997559,39.183406829833984,72.36000061035156,69.90599822998047
2018-01-30,9.748353958129883,38.89194107055664,71.81999969482422,69.16400146484375
2018-01-31,9.669026374816895,38.6278076171875,71.37000274658203,70.86199951171875
2018-02-01,9.624957084655762,38.64602279663086,70.80999755859375,69.8499984741211
2018-02-02,9.439862251281738,37.34355163574219,68.75,68.75
2018-02-05,9.02560043334961,36.013763427734375,64.81999969482422,66.6259994506836
2018-02-06,9.483932495117188,38.12685775756836,65.31999969482422,66.79399871826172
2018-02-07,9.483932495117188,38.609588623046875,65.4000015258789,69.0
2018-02-08,9.193068504333496,37.115848541259766,64.33999633789062,63.04600143432617
2018-02-09,9.281208992004395,37.76252746582031,64.48999786376953,62.08399963378906
2018-02-12,9.431047439575195,38.25437545776367,65.66000366210938,63.145999908447266
2018-02-13,9.334092140197754,37.70787811279297,63.38999938964844,64.73200225830078
2018-02-14,9.466302871704102,38.081321716308594,63.779998779296875,64.46199798583984
2018-02-15,9.483932495117188,38.11774444580078,64.33000183105469,66.81400299072266
2018-02-16,9.351719856262207,37.42552185058594,64.43000030517578,67.0979995727539
2018-02-20,9.36935043334961,37.134071350097656,63.310001373291016,66.9540023803711
2018-02-21,9.342907905578613,36.94279861450195,60.97999954223633,66.66000366210938
2018-02-22,9.36935043334961,37.261573791503906,61.040000915527344,69.23400115966797
2018-02-23,9.431047439575195,37.261573791503906,62.7599983215332,70.41000366210938
2018-02-26,9.598515510559082,37.83539962768555,62.88999938964844,71.48400115966797
2018-02-27,9.351719856262207,36.58757400512695,62.040000915527344,70.197998046875
2018-02-28,9.351719856262207,35.840702056884766,61.91999816894531,68.61199951171875
2018-03-01,9.069671630859375,34.41982650756836,60.060001373291016,66.18599700927734
2018-03-02,9.166625022888184,34.0919303894043,59.970001220703125,67.02400207519531
2018-03-05,9.325278282165527,34.37428665161133,60.459999084472656,66.66999816894531
2018-03-06,9.36935043334961,34.54734420776367,61.4900016784668,65.63999938964844
2018-03-07,9.36935043334961,34.37428665161133,60.720001220703125,66.45999908447266
2018-03-08,9.351719856262207,34.81592559814453,60.7599983215332,65.81999969482422
2018-03-09,9.457488059997559,34.81592559814453,62.43000030517578,65.43399810791016
2018-03-12,9.528002738952637,34.806732177734375,62.5,69.10199737548828
2018-03-13,9.50156021118164,34.97233581542969,62.619998931884766,68.36799621582031
2018-03-14,9.71309757232666,34.67790985107422,62.79999923706055,65.32599639892578
2018-03-15,9.75716781616211,34.825130462646484,62.16999816894531,65.12000274658203
2018-03-16,9.827680587768555,34.907928466796875,62.869998931884766,64.2699966430664
2018-03-19,9.70428466796875,34.05225372314453,62.4900016784668,62.71200180053711
2018-03-20,9.686653137207031,33.94184875488281,61.93000030517578,62.11000061035156
2018-03-21,9.783608436584473,34.57670593261719,61.5099983215332,63.305999755859375
2018-03-22,9.475118637084961,33.445003509521484,60.0,61.81999969482422
2018-03-23,9.30765151977539,32.35930252075195,59.36000061035156,60.30799865722656
2018-03-26,9.545631408691406,33.11376953125,60.59000015258789,60.83599853515625
2018-03-27,9.545631408691406,32.083282470703125,59.75,55.83599853515625
2018-03-28,9.57207202911377,32.63533020019531,60.63999938964844,51.555999755859375
2018-03-29,9.76598072052002,33.43580627441406,61.939998626708984,53.22600173950195
2018-04-02,9.57207202911377,32.90215301513672,59.91999816894531,50.49599838256836
2018-04-03,9.827680587768555,33.987850189208984,59.959999084472656,53.50600051879883
2018-04-04,9.986333847045898,34.99074172973633,62.72999954223633,57.38800048828125
2018-04-05,10.003962516784668,34.963138580322266,62.2400016784668,61.14400100708008
2018-04-06,9.85412311553955,34.6687126159668,60.29999923706055,59.86000061035156
2018-04-09,9.915821075439453,34.806732177734375,58.77000045776367,57.93199920654297
2018-04-10,10.09210205078125,35.947628021240234,60.81999969482422,60.939998626708984
2018-04-11,10.074474334716797,35.88322067260742,60.5,60.18600082397461
2018-04-12,9.968706130981445,35.726806640625,61.0,58.816001892089844
2018-04-13,9.942262649536133,35.634796142578125,61.720001220703125,60.06800079345703
2018-04-16,10.030404090881348,36.039634704589844,62.0,58.242000579833984
2018-04-17,10.030404090881348,36.08564376831055,62.970001220703125,57.53799819946289
2018-04-18,9.986333847045898,35.818809509277344,63.27000045776367,58.66999816894531
2018-04-19,9.789823532104492,34.751522064208984,62.56999969482422,60.01599884033203
2018-04-20,9.664770126342773,34.60430908203125,61.15999984741211,58.04800033569336
2018-04-23,9.86128044128418,34.67790985107422,61.36000061035156,56.67399978637695
2018-04-24,9.789823532104492,34.89873504638672,61.31999969482422,56.69200134277344
2018-04-25,9.923807144165039,35.064353942871094,62.09000015258789,56.13800048828125
2018-04-26,10.209641456604004,35.19316101074219,62.09000015258789,57.09600067138672
2018-04-27,10.263235092163086,34.64111328125,62.86000061035156,58.816001892089844
2018-04-30,10.03992748260498,33.803836822509766,62.5,58.779998779296875
2018-05-01,10.057793617248535,33.5094108581543,63.540000915527344,59.98400115966797
2018-05-02,10.013129234313965,33.3069953918457,63.52000045776367,60.22999954223633
2018-05-03,10.004199981689453,33.260990142822266,63.31999969482422,56.88999938964844
2018-05-04,10.147114753723145,33.77622604370117,64.95999908447266,58.81800079345703
2018-05-07,10.129250526428223,33.43580627441406,64.16999816894531,60.55400085449219
2018-05-08,10.066725730895996,33.42660140991211,63.150001525878906,60.39400100708008
2018-05-09,9.879145622253418,33.37139892578125,64.11000061035156,61.369998931884766
2018-05-10,10.013129234313965,34.19027328491211,63.279998779296875,61.00400161743164
2018-05-11,9.99526596069336,33.94184875488281,63.79999923706055,60.21200180053711
2018-05-14,9.986334800720215,33.70262908935547,64.77999877929688,58.39400100708008
2018-05-15,10.022063255310059,33.987850189208984,65.0,56.83599853515625
2018-05-16,10.182844161987305,34.99074172973633,65.9000015258789,57.29600143432617
2018-05-17,10.236437797546387,35.239166259765625,66.72000122070312,56.90800094604492
2018-05-18,10.120317459106445,34.769920349121094,65.87000274658203,55.36399841308594
2018-05-21,10.281099319458008,35.045955657958984,66.47000122070312,56.89799880981445
2018-05-22,10.290033340454102,35.220760345458984,65.16000366210938,55.00199890136719
2018-05-23,10.218572616577148,34.825130462646484,66.0199966430664,55.81399917602539
2018-05-24,10.379354476928711,35.32197189331055,66.80999755859375,55.56999969482422
2018-05-25,10.281099319458008,35.239166259765625,67.27999877929688,55.77000045776367
2018-05-29,10.218572616577148,34.39269256591797,68.2699966430664,56.75199890136719
2018-05-30,10.3168306350708,34.806732177734375,69.25,58.34400177001953
2018-05-31,10.3168306350708,39.28752136230469,68.91999816894531,56.94599914550781
2018-06-01,10.459747314453125,39.7475700378418,69.88999938964844,58.36399841308594
2018-06-04,10.486543655395508,40.281219482421875,71.44999694824219,59.347999572753906
2018-06-05,10.566934585571289,39.9407844543457,71.62000274658203,58.22600173950195
2018-06-06,10.691987991333008,40.41922378540039,72.62000274658203,63.900001525878906
2018-06-07,10.745579719543457,40.84615707397461,73.08000183105469,63.21799850463867
2018-06-08,10.808107376098633,41.06890869140625,73.79000091552734,63.53200149536133
2018-06-11,10.745579719543457,41.62577438354492,73.81999969482422,66.41999816894531
2018-06-12,10.817039489746094,41.00394058227539,73.8499984741211,68.55400085449219
2018-06-13,10.736649513244629,41.2545280456543,73.08999633789062,68.95600128173828
2018-06-14,10.620530128479004,40.43778991699219,73.22000122070312,71.54399871826172
2018-06-15,10.61159610748291,40.75334930419922,72.38999938964844,71.63400268554688
2018-06-18,10.70985221862793,40.79047775268555,72.4000015258789,74.16600036621094
2018-06-19,10.620530128479004,39.22196578979492,72.75,70.51000213623047
2018-06-20,10.60266399383545,38.93425369262695,72.7699966430664,72.44400024414062
2018-06-21,10.459747314453125,38.16392135620117,71.05000305175781,69.50199890136719
2018-06-22,10.40615177154541,38.28457260131836,80.19000244140625,66.72599792480469
2018-06-25,10.272168159484863,37.690582275390625,76.72000122070312,66.60199737548828
2018-06-26,10.290033340454102,38.06182861328125,75.38999938964844,68.4000015258789
2018-06-27,10.20071029663086,37.46783447265625,74.30999755859375,68.9000015258789
2018-06-28,10.07565689086914,37.607051849365234,73.44999694824219,69.98600006103516
2018-06-29,9.888078689575195,36.56757736206055,72.87000274658203,68.58999633789062
2018-07-02,9.914875030517578,36.66038131713867,73.73999786376953,67.01399993896484
2018-07-03,9.816617965698242,36.16848373413086,74.19999694824219,62.172000885009766
2018-07-05,9.870213508605957,36.632537841796875,76.11000061035156,61.832000732421875
2018-07-06,9.879145622253418,36.344818115234375,76.41000366210938,61.779998779296875
2018-07-09,10.004199981689453,36.89241027832031,76.5999984741211,63.70199966430664
2018-07-10,10.048860549926758,37.207969665527344,76.54000091552734,64.49400329589844
2018-07-11,9.888078689575195,36.47475051879883,75.72000122070312,63.79199981689453
2018-07-12,9.870213508605957,36.44691467285156,76.56999969482422,63.34199905395508
2018-07-13,9.807686805725098,36.53044128417969,76.91999816894531,63.77399826049805
2018-07-16,9.691567420959473,36.71607208251953,77.25,62.02000045776367
2018-07-17,9.700498580932617,37.15227508544922,77.66999816894531,64.53800201416016
2018-07-18,9.709429740905762,37.003780364990234,77.37000274658203,64.7699966430664
2018-07-19,9.664770126342773,36.48404312133789,77.69999694824219,64.0459976196289
2018-07-20,9.565134048461914,36.56757736206055,77.13999938964844,62.715999603271484
2018-07-23,9.483612060546875,36.44691467285156,77.70999908447266,60.63999938964844
2018-07-24,9.574190139770508,36.641815185546875,75.5999984741211,59.486000061035156
2018-07-25,9.528902053833008,34.94337844848633,75.19999694824219,61.74800109863281
2018-07-26,8.958255767822266,34.108070373535156,75.37000274658203,61.33000183105469
2018-07-27,8.994486808776855,34.832000732421875,74.81999969482422,59.43600082397461
2018-07-30,9.121296882629395,34.96193313598633,75.08999633789062,58.034000396728516
2018-07-31,9.094122886657715,35.18468475341797,74.68000030517578,59.62799835205078
2018-08-01,8.96731185913086,34.470035552978516,73.2300033569336,60.167999267578125
2018-08-02,8.985427856445312,33.98741912841797,73.30000305175781,69.90799713134766
2018-08-03,9.094122886657715,35.01762390136719,74.69000244140625,69.63400268554688
2018-08-06,9.085063934326172,34.896968841552734,75.44999694824219,68.39800262451172
2018-08-07,9.130354881286621,34.8784065246582,75.58000183105469,75.91400146484375
2018-08-08,9.103180885314941,34.95265197753906,74.93000030517578,74.06800079345703
2018-08-09,8.976370811462402,34.813438415527344,74.16999816894531,70.48999786376953
2018-08-10,8.822385787963867,33.95957565307617,73.08000183105469,71.0979995727539
2018-08-13,8.568764686584473,33.560489654541016,72.38999938964844,71.28199768066406
2018-08-14,8.604997634887695,33.59761428833008,72.83999633789062,69.52799987792969
2018-08-15,8.55970573425293,33.35630416870117,72.76000213623047,67.73799896240234
2018-08-16,8.614055633544922,33.6811408996582,72.80000305175781,67.08999633789062
2018-08-17,8.650287628173828,33.76467514038086,73.62999725341797,61.099998474121094
2018-08-20,8.80427074432373,34.12663650512695,74.80000305175781,61.6879997253418
2018-08-21,8.93108081817627,34.25657272338867,75.81999969482422,64.37999725341797
2018-08-22,8.777095794677734,33.53264617919922,75.33999633789062,64.3280029296875
2018-08-23,8.722749710083008,33.105712890625,75.02999877929688,64.0199966430664
2018-08-24,8.768038749694824,33.36558532714844,75.48999786376953,64.56400299072266
2018-08-27,9.048833847045898,34.98050308227539,76.66999816894531,63.854000091552734
2018-08-28,9.066947937011719,34.6370964050293,77.12000274658203,62.37200164794922
2018-08-29,9.030717849731445,34.45147705078125,77.68000030517578,61.00199890136719
2018-08-30,8.786154747009277,33.74611282348633,77.20999908447266,60.630001068115234
2018-08-31,8.586880683898926,33.45839309692383,78.05000305175781,60.332000732421875
2018-09-04,8.577823638916016,33.04074478149414,78.8499984741211,57.790000915527344
2018-09-05,8.595938682556152,32.75303268432617,78.86000061035156,56.14799880981445
2018-09-06,8.541592597961426,32.25578308105469,78.23999786376953,56.189998626708984
2018-09-07,8.396665573120117,31.814821243286133,78.86000061035156,52.64799880981445
2018-09-10,8.496302604675293,31.777292251586914,79.94000244140625,57.099998474121094
2018-09-11,8.432897567749023,31.683473587036133,80.61000061035156,55.88800048828125
2018-09-12,8.460071563720703,31.95555305480957,80.68000030517578,58.108001708984375
2018-09-13,8.48724365234375,32.133811950683594,80.18000030517578,57.891998291015625
2018-09-14,8.55970573425293,32.49033737182617,80.5199966430664,59.040000915527344
2018-09-17,8.650287628173828,32.856239318847656,79.8499984741211,58.96799850463867
2018-09-18,8.677459716796875,32.93129348754883,78.05999755859375,56.992000579833984
2018-09-19,8.858617782592773,33.52236557006836,78.56999969482422,59.80400085449219
2018-09-20,8.885791778564453,33.850746154785156,78.44999694824219,59.66600036621094
2018-09-21,8.92202377319336,33.13770294189453,78.16999816894531,59.81999969482422
2018-09-24,8.686518669128418,32.6029167175293,75.87999725341797,59.93600082397461
2018-09-25,8.505359649658203,31.477062225341797,75.87999725341797,60.198001861572266
2018-09-26,8.396665573120117,31.645944595336914,74.66000366210938,61.91600036621094
2018-09-27,8.360433578491211,31.589645385742188,73.81999969482422,61.50400161743164
2018-09-28,8.378549575805664,31.589645385742188,74.66999816894531,52.95399856567383
2018-10-01,8.441954612731934,32.0869026184082,73.69000244140625,62.13999938964844
2018-10-02,8.333260536193848,31.242507934570312,73.1500015258789,60.20399856567383
2018-10-03,8.269854545593262,31.899259567260742,73.51000213623047,58.959999084472656
2018-10-04,8.287970542907715,32.133811950683594,72.30000305175781,56.36600112915039
2018-10-05,8.260796546936035,32.011844635009766,70.88999938964844,52.38999938964844
2018-10-08,8.38760757446289,32.133811950683594,71.02999877929688,50.11199951171875
2018-10-09,8.106812477111816,30.632673263549805,70.77999877929688,52.560001373291016
2018-10-10,7.9890594482421875,30.58576011657715,68.61000061035156,51.375999450683594
2018-10-11,7.9800028800964355,30.31368064880371,67.8499984741211,50.44599914550781
2018-10-12,7.826018810272217,29.825809478759766,67.86000061035156,51.75600051879883
2018-10-15,7.9800028800964355,30.13541603088379,68.38999938964844,51.917999267578125
2018-10-16,7.970944404602051,30.341825485229492,70.76000213623047,55.31800079345703
2018-10-17,7.934713840484619,29.9571590423584,69.91999816894531,54.35599899291992
2018-10-18,7.708266735076904,29.15967559814453,68.41999816894531,52.78200149536133
2018-10-19,7.699207782745361,29.272260665893555,68.6500015258789,52.0
2018-10-22,7.754530906677246,29.40361213684082,68.43000030517578,52.189998626708984
2018-10-23,7.92050313949585,30.13541603088379,69.0,58.827999114990234
2018-10-24,7.542457580566406,28.671804428100586,68.08999633789062,57.70000076293945
2018-10-25,8.289327621459961,30.0228328704834,70.6500015258789,62.97200012207031
2018-10-26,8.280105590820312,30.632673263549805,70.04000091552734,66.18000030517578
2018-10-29,8.556724548339844,31.0830135345459,70.66000366210938,66.97000122070312
2018-10-30,8.722695350646973,31.467681884765625,68.16000366210938,65.9800033569336
2018-10-31,8.805681228637695,34.329227447509766,67.91000366210938,67.46399688720703
2018-11-01,8.56594467163086,34.21664810180664,69.7300033569336,68.85600280761719
2018-11-02,8.648930549621582,33.8038330078125,69.79000091552734,69.28199768066406
2018-11-05,8.787239074707031,34.0102424621582,70.54000091552734,68.27999877929688
2018-11-06,8.79646110534668,34.2072639465332,70.45999908447266,68.21199798583984
2018-11-07,8.851784706115723,34.60131072998047,68.1500015258789,69.63200378417969
2018-11-08,8.722695350646973,34.31046676635742,67.9800033569336,70.27999877929688
2018-11-09,8.648930549621582,33.49422073364258,65.72000122070312,70.10199737548828
2018-11-12,8.750356674194336,33.48483657836914,65.02999877929688,66.25599670410156
2018-11-13,8.79646110534668,33.710018157958984,65.56999969482422,67.74600219726562
2018-11-14,8.79646110534668,33.053260803222656,62.86000061035156,68.80000305175781
2018-11-15,8.58438777923584,33.353492736816406,63.209999084472656,69.68800354003906
2018-11-16,8.344650268554688,33.541133880615234,62.029998779296875,70.86199951171875
2018-11-19,8.529062271118164,33.47545623779297,62.209999084472656,70.69400024414062
2018-11-20,8.353872299194336,32.92190933227539,60.90999984741211,69.49800109863281
2018-11-21,8.39997386932373,33.353492736816406,62.459999084472656,67.63800048828125
2018-11-23,8.418415069580078,33.710018157958984,62.2400016784668,65.16600036621094
2018-11-26,8.667370796203613,35.32373809814453,63.66999816894531,69.19999694824219
2018-11-27,8.556724548339844,34.42305374145508,64.6500015258789,68.78399658203125
2018-11-28,8.676592826843262,34.6669921875,66.80999755859375,69.5739974975586
2018-11-29,8.639710426330566,34.48872756958008,66.08999633789062,68.23400115966797
2018-11-30,8.676592826843262,35.605201721191406,66.06999969482422,70.09600067138672
2018-12-03,8.851784706115723,36.074310302734375,65.66999816894531,71.697998046875
2018-12-04,8.464517593383789,34.26355743408203,64.05000305175781,71.94000244140625
2018-12-06,8.316988945007324,33.846405029296875,64.5199966430664,72.61199951171875
2018-12-07,8.132575988769531,32.88884353637695,62.560001373291016,71.59400177001953
2018-12-10,7.855958461761475,32.63285827636719,62.34000015258789,73.02999877929688
2018-12-11,7.874398708343506,32.88884353637695,63.189998626708984,73.35199737548828
2018-12-12,7.966605186462402,33.82744216918945,63.34000015258789,73.31999969482422
2018-12-13,7.837516784667969,33.28703308105469,62.36000061035156,75.35800170898438
2018-12-14,7.855958461761475,33.27755355834961,61.209999084472656,73.14199829101562
2018-12-17,7.837516784667969,32.86040115356445,60.2599983215332,69.68399810791016
2018-12-18,7.8098554611206055,33.08793640136719,59.7599983215332,67.40599822998047
2018-12-19,7.671545028686523,33.11638641357422,57.779998779296875,66.59400177001953
2018-12-20,7.616222858428955,32.49065017700195,56.720001220703125,63.07600021362305
2018-12-21,7.422589302062988,31.26762580871582,58.959999084472656,63.95399856567383
2018-12-24,7.0353240966796875,30.68929672241211,59.04999923706055,59.077999114990234
2018-12-26,7.23817777633667,31.779590606689453,62.59000015258789,65.21800231933594
2018-12-27,7.23817777633667,32.196746826171875,63.18000030517578,63.22600173950195
2018-12-28,7.201294898986816,32.15882110595703,62.4900016784668,66.77400207519531
2018-12-31,7.053765296936035,31.713224411010742,62.72999954223633,66.55999755859375
2019-01-02,7.284280300140381,31.893360137939453,62.970001220703125,62.02399826049805
2019-01-03,7.173633098602295,30.575532913208008,61.88999938964844,60.071998596191406
2019-01-04,7.450251579284668,31.599454879760742,63.61000061035156,63.53799819946289
2019-01-07,7.643884181976318,32.57597732543945,66.43000030517578,66.99199676513672
2019-01-08,7.717648983001709,33.00261688232422,64.91000366210938,67.06999969482422
2019-01-09,8.040371894836426,33.35340118408203,65.63999938964844,67.70600128173828
2019-01-10,7.994267463684082,32.92676544189453,64.61000061035156,68.99400329589844
2019-01-11,8.132575988769531,35.24955749511719,64.98999786376953,69.4520034790039
2019-01-14,8.289327621459961,35.70463562011719,64.86000061035156,66.87999725341797
2019-01-15,8.151017189025879,35.60034942626953,64.38999938964844,68.88600158691406
2019-01-16,7.643884181976318,35.714115142822266,63.970001220703125,69.20999908447266
2019-01-17,7.708427906036377,36.27347946166992,64.55999755859375,69.46199798583984
2019-01-18,7.911281585693359,36.60531234741211,61.91999816894531,60.45199966430664
2019-01-22,7.837516784667969,36.16919708251953,59.45000076293945,59.784000396728516
2019-01-23,7.689987659454346,35.714115142822266,58.97999954223633,57.518001556396484
2019-01-24,7.929723739624023,36.17867660522461,59.439998626708984,58.301998138427734
2019-01-25,8.169458389282227,36.633750915527344,60.310001373291016,59.40800094604492
2019-01-28,7.98504638671875,36.463096618652344,60.08000183105469,59.2760009765625
2019-01-29,8.077253341674805,36.47257995605469,58.38999938964844,59.492000579833984
2019-01-30,8.171064376831055,37.060394287109375,58.970001220703125,61.75400161743164
2019-01-31,8.25549602508545,36.994022369384766,58.779998779296875,61.40399932861328
2019-02-01,8.180447578430176,36.7664794921875,59.189998626708984,62.44200134277344
2019-02-04,8.161684036254883,36.90869903564453,61.34000015258789,62.577999114990234
2019-02-05,8.208589553833008,37.25948715209961,61.939998626708984,64.2699966430664
2019-02-06,8.180447578430176,37.837806701660156,60.9900016784668,63.444000244140625
2019-02-07,7.795815944671631,36.64323806762695,60.119998931884766,61.50199890136719
2019-02-08,7.870865345001221,36.690635681152344,60.380001068115234,61.15999984741211
2019-02-11,7.814577579498291,36.62427520751953,60.689998626708984,62.56800079345703
2019-02-12,7.936534404754639,37.00349807739258,60.849998474121094,62.36199951171875
2019-02-13,7.889627456665039,36.975059509277344,61.36000061035156,61.63399887084961
2019-02-14,7.899009704589844,36.87077331542969,61.15999984741211,60.75400161743164
2019-02-15,8.01158332824707,37.060394287109375,62.060001373291016,61.57600021362305
2019-02-19,8.28364086151123,37.477542877197266,61.9900016784668,61.12799835205078
2019-02-20,8.386833190917969,37.875732421875,62.400001525878906,60.512001037597656
2019-02-21,8.171064376831055,37.562870025634766,61.52000045776367,58.24599838256836
2019-02-22,8.171064376831055,37.913658142089844,60.540000915527344,58.94200134277344
2019-02-25,8.217971801757812,38.055870056152344,59.79999923706055,59.75400161743164
2019-02-26,8.330546379089355,38.027427673339844,60.95000076293945,59.571998596191406
2019-02-27,8.236733436584473,37.92314147949219,60.29999923706055,62.948001861572266
2019-02-28,8.2273530960083,37.430137634277344,62.099998474121094,63.97600173950195
2019-03-01,8.246115684509277,37.477542877197266,61.650001525878906,58.95800018310547
2019-03-04,8.264878273010254,37.21207809448242,59.83000183105469,57.071998596191406
2019-03-05,8.2273530960083,37.24052429199219,60.75,55.30799865722656
2019-03-06,8.049108505249023,36.662193298339844,61.0,55.24800109863281
2019-03-07,7.955295562744141,36.42282485961914,59.720001220703125,55.31800079345703
2019-03-08,7.899009704589844,36.37495040893555,58.380001068115234,56.827999114990234
2019-03-11,8.077252388000488,36.97816848754883,59.54999923706055,58.183998107910156
2019-03-12,8.039727210998535,36.97816848754883,60.9900016784668,56.672000885009766
2019-03-13,8.002202987670898,37.150508880615234,60.869998931884766,57.79199981689453
2019-03-14,7.889627456665039,36.413246154785156,60.61000061035156,57.992000579833984
2019-03-15,7.908390522003174,36.45154571533203,61.060001373291016,55.08599853515625
2019-03-18,8.039727210998535,36.36537551879883,60.4900016784668,53.89799880981445
2019-03-19,8.161684036254883,36.64304733276367,59.599998474121094,53.49399948120117
2019-03-20,7.983441352844238,35.42703628540039,60.619998931884766,54.720001220703125
2019-03-21,8.152302742004395,35.76215362548828,62.310001373291016,54.80400085449219
2019-03-22,8.01158332824707,34.890846252441406,61.630001068115234,52.90599822998047
2019-03-25,7.983441352844238,35.187660217285156,61.619998931884766,52.08399963378906
2019-03-26,8.217971801757812,35.30256271362305,62.880001068115234,53.55400085449219
2019-03-27,8.086634635925293,35.05361557006836,63.84000015258789,54.965999603271484
2019-03-28,8.2273530960083,35.48448944091797,63.68000030517578,55.7239990234375
2019-03-29,8.236733436584473,35.52278518676758,69.80000305175781,55.97200012207031
2019-04-01,8.424358367919922,36.154727935791016,69.06999969482422,57.83599853515625
2019-04-02,8.45250129699707,36.20260238647461,69.79000091552734,57.17599868774414
2019-04-03,8.565077781677246,36.75794219970703,71.19999694824219,58.36199951171875
2019-04-04,8.668272018432617,37.14093780517578,72.08999633789062,53.555999755859375
2019-04-05,8.677652359008789,37.28456115722656,72.04000091552734,54.992000579833984
2019-04-08,8.72455883026123,37.39946365356445,72.69999694824219,54.63999938964844
2019-04-09,8.640128135681152,37.20796585083008,73.30999755859375,54.46200180053711
2019-04-10,8.752702713012695,37.581382751464844,74.30999755859375,55.21200180053711
2019-04-11,8.808989524841309,37.657981872558594,73.9000015258789,53.683998107910156
2019-04-12,8.865276336669922,38.02182388305664,74.58000183105469,53.540000915527344
2019-04-15,8.752702713012695,37.887779235839844,75.02999877929688,53.2760009765625
2019-04-16,8.780845642089844,37.97395324707031,75.94000244140625,54.672000885009766
2019-04-17,8.91218376159668,38.28992462158203,77.41999816894531,54.24599838256836
2019-04-18,8.959090232849121,38.58674240112305,77.0,54.652000427246094
2019-04-22,8.91218376159668,37.82075500488281,75.69999694824219,52.54999923706055
2019-04-23,9.055159568786621,38.1367301940918,77.33999633789062,52.779998779296875
2019-04-24,9.121880531311035,38.031402587890625,77.29000091552734,51.731998443603516
2019-04-25,8.95984172821045,37.44733428955078,76.33000183105469,49.5260009765625
2019-04-26,9.922548294067383,37.993106842041016,77.97000122070312,47.02799987792969
2019-04-29,9.836762428283691,38.30906677246094,77.31999969482422,48.29399871826172
2019-04-30,9.960675239562988,37.29413986206055,77.86000061035156,47.737998962402344
2019-05-01,9.817699432373047,37.10263442993164,78.3499984741211,46.801998138427734
2019-05-02,9.855827331542969,36.62389373779297,78.23999786376953,48.81999969482422
2019-05-03,9.922548294067383,37.150508880615234,78.62000274658203,51.00600051879883
2019-05-06,9.884421348571777,36.47069549560547,78.30999755859375,51.06800079345703
2019-05-07,9.893953323364258,36.891990661621094,77.68000030517578,49.4119987487793
2019-05-08,9.855827331542969,36.585594177246094,77.70999908447266,48.96799850463867
2019-05-09,9.722381591796875,35.98237991333008,78.52999877929688,48.395999908447266
2019-05-10,9.893953323364258,36.27920150756836,79.06999969482422,47.90399932861328
2019-05-13,9.608001708984375,35.005741119384766,76.76000213623047,45.402000427246094
2019-05-14,9.760509490966797,35.465335845947266,77.18000030517578,46.46200180053711
2019-05-15,9.874889373779297,35.78130340576172,75.9000015258789,46.38999938964844
2019-05-16,9.913016319274902,35.7908821105957,75.94000244140625,45.66600036621094
2019-05-17,9.808168411254883,35.42703628540039,76.38999938964844,42.20600128173828
2019-05-20,9.798635482788086,35.3983154296875,76.86000061035156,41.071998596191406
2019-05-21,9.760509490966797,35.551509857177734,77.9800033569336,41.01599884033203
2019-05-22,9.503151893615723,34.03868103027344,77.9000015258789,38.54600143432617
2019-05-23,9.388772010803223,33.63653564453125,76.77999877929688,39.097999572753906
2019-05-24,9.369707107543945,33.62696075439453,76.4800033569336,38.125999450683594
2019-05-28,9.32204818725586,33.36843490600586,76.23999786376953,37.7400016784668
2019-05-29,9.255326271057129,33.31098937988281,77.12999725341797,37.97200012207031
2019-05-30,9.28392219543457,33.339717864990234,78.08999633789062,37.64400100708008
2019-05-31,9.074223518371582,31.922632217407227,78.27999877929688,37.03200149536133
2019-06-03,9.160008430480957,32.26732635498047,79.41000366210938,35.79399871826172
2019-06-04,9.455492973327637,34.21102523803711,80.2699966430664,38.720001220703125
2019-06-05,9.32204818725586,34.31635284423828,80.04000091552734,39.31800079345703
2019-06-06,9.29345417022705,34.055057525634766,79.94999694824219,41.189998626708984
2019-06-07,9.302985191345215,34.34538269042969,79.88999938964844,40.900001525878906
2019-06-10,9.360175132751465,34.848609924316406,82.36000061035156,42.57600021362305
2019-06-11,9.455492973327637,35.03248596191406,81.22000122070312,43.41999816894531
2019-06-12,9.388772010803223,34.51957702636719,82.04000091552734,41.85200119018555
2019-06-13,9.588936805725098,34.8582878112793,82.1500015258789,42.78200149536133
2019-06-14,9.512682914733887,34.5098991394043,83.54000091552734,42.98400115966797
2019-06-17,9.579404830932617,34.97441482543945,83.87000274658203,45.00600051879883
2019-06-18,9.62706470489502,35.516357421875,83.66999816894531,44.948001861572266
2019-06-19,9.569873809814453,35.593780517578125,83.48999786376953,45.2859992980957
2019-06-20,9.569873809814453,35.767974853515625,83.0,43.92399978637695
2019-06-21,9.522214889526367,35.7292594909668,85.63999938964844,44.37200164794922
2019-06-24,9.484087944030762,35.767974853515625,82.63999938964844,44.72800064086914
2019-06-25,9.379239082336426,36.46474838256836,83.37000274658203,43.95199966430664
2019-06-26,9.445960998535156,36.900238037109375,84.13999938964844,43.854000091552734
2019-06-27,9.722381591796875,37.084110260009766,86.86000061035156,44.56800079345703
2019-06-28,9.750977516174316,37.28733444213867,86.83000183105469,44.69200134277344
2019-07-01,9.674722671508789,37.500240325927734,87.16000366210938,45.433998107910156
2019-07-02,9.64612865447998,37.10346603393555,87.69000244140625,44.90999984741211
2019-07-03,9.722381591796875,36.92927169799805,88.9000015258789,46.97999954223633
2019-07-05,9.722381591796875,37.25830841064453,88.4800033569336,46.619998931884766
2019-07-08,9.722381591796875,36.997013092041016,87.80000305175781,46.06800079345703
2019-07-09,9.665192604064941,36.85184860229492,87.58000183105469,46.012001037597656
2019-07-10,9.636595726013184,36.87120819091797,87.41000366210938,47.784000396728516
2019-07-11,9.712850570678711,37.19055938720703,88.7699966430664,47.720001220703125
2019-07-12,9.998802185058594,37.945404052734375,88.94000244140625,49.01599884033203
2019-07-15,9.932080268859863,38.09056854248047,88.79000091552734,50.70000076293945
2019-07-16,10.017866134643555,38.1583137512207,86.38999938964844,50.47600173950195
2019-07-17,9.846294403076172,37.89701843261719,85.1500015258789,50.97200012207031
2019-07-18,9.779572486877441,37.858306884765625,86.62999725341797,50.70800018310547
2019-07-19,9.722381591796875,38.20669937133789,84.83999633789062,51.63600158691406
2019-07-22,9.693360328674316,38.574440002441406,84.76000213623047,51.13600158691406
2019-07-23,9.838470458984375,39.39702606201172,86.23999786376953,52.034000396728516
2019-07-24,9.993253707885742,39.561546325683594,88.83999633789062,52.97600173950195
2019-07-25,9.248355865478516,39.43573760986328,89.33000183105469,45.763999938964844
2019-07-26,9.25802993774414,39.45509338378906,91.16999816894531,45.608001708984375
2019-07-29,9.287052154541016,39.36799621582031,91.33999633789062,47.15399932861328
2019-07-30,9.23868179321289,39.12605667114258,87.80000305175781,48.45199966430664
2019-07-31,9.21933364868164,39.03895950317383,87.76000213623047,48.321998596191406
2019-08-01,9.006505966186523,38.85508728027344,86.30000305175781,46.77000045776367
2019-08-02,8.977482795715332,38.49702072143555,86.0,46.86800003051758
2019-08-05,8.929112434387207,37.75185012817383,83.93000030517578,45.66400146484375
2019-08-06,9.1709623336792,37.819602966308594,85.88999938964844,46.150001525878906
2019-08-07,9.21933364868164,38.119598388671875,82.87000274658203,46.683998107910156
2019-08-08,9.248355865478516,38.80670166015625,84.02999877929688,47.65999984741211
2019-08-09,9.14194107055664,38.33250427246094,84.02999877929688,47.00199890136719
2019-08-12,8.987156867980957,37.60669708251953,83.9000015258789,45.801998138427734
2019-08-13,8.958135604858398,37.75185012817383,85.38999938964844,47.0
2019-08-14,8.706610679626465,35.99055480957031,83.75,43.92399978637695
2019-08-15,8.571174621582031,35.29377746582031,84.25,43.12799835205078
2019-08-16,8.667914390563965,35.80668258666992,85.02999877929688,43.987998962402344
2019-08-19,8.735631942749023,36.15507507324219,85.97000122070312,45.36600112915039
2019-08-20,8.667914390563965,35.767974853515625,83.33999633789062,45.172000885009766
2019-08-21,8.745306968688965,35.92280578613281,83.16999816894531,44.16600036621094
2019-08-22,8.745306968688965,36.05829620361328,83.72000122070312,44.43000030517578
2019-08-23,8.484108924865723,34.89699935913086,80.83000183105469,42.279998779296875
2019-08-26,8.532478332519531,35.08087158203125,80.61000061035156,43.0
2019-08-27,8.474434852600098,34.732479095458984,79.52999877929688,42.816001892089844
2019-08-28,8.706610679626465,35.26474380493164,81.2699966430664,43.11800003051758
2019-08-29,8.822699546813965,35.71958541870117,82.79000091552734,44.34199905395508
2019-08-30,8.871068954467773,35.89377975463867,83.27999877929688,45.12200164794922
2019-09-03,8.803351402282715,35.71958541870117,82.55999755859375,45.00199890136719
2019-09-04,8.900091171264648,37.006690979003906,84.97000122070312,44.13600158691406
2019-09-05,9.035527229309082,37.85708236694336,86.7300033569336,45.91600036621094
2019-09-06,9.035527229309082,37.90595245361328,86.0,45.4900016784668
2019-09-09,9.229007720947266,38.687923431396484,86.58999633789062,46.358001708984375
2019-09-10,9.112918853759766,38.687923431396484,87.30000305175781,47.108001708984375
2019-09-11,9.112918853759766,38.57062530517578,85.31999969482422,49.41999816894531
2019-09-12,9.103245735168457,38.18941879272461,86.52999877929688,49.17399978637695
2019-09-13,9.14194107055664,37.98414993286133,86.75,49.040000915527344
2019-09-16,8.996830940246582,36.371337890625,84.26000213623047,48.5620002746582
2019-09-17,8.977482795715332,37.426998138427734,86.08000183105469,48.95800018310547
2019-09-18,8.948461532592773,37.31947708129883,85.52999877929688,48.698001861572266
2019-09-19,8.803351402282715,36.928489685058594,86.30999755859375,49.31999969482422
2019-09-20,8.871068954467773,36.527732849121094,84.62999725341797,48.124000549316406
2019-09-23,8.861394882202148,36.400665283203125,86.9000015258789,48.24599838256836
2019-09-24,8.813024520874023,35.941253662109375,86.73999786376953,44.641998291015625
2019-09-25,8.900091171264648,36.27359390258789,86.08000183105469,45.7400016784668
2019-09-26,8.842047691345215,36.762325286865234,86.37999725341797,48.512001037597656
2019-09-27,8.784003257751465,36.57660675048828,87.4800033569336,48.42599868774414
2019-09-30,8.861394882202148,36.63525390625,88.0,48.17399978637695
2019-10-01,8.609869956970215,35.2961311340332,88.69000244140625,48.9379997253418
2019-10-02,8.329323768615723,33.89836120605469,85.5999984741211,48.625999450683594
2019-10-03,8.426064491271973,34.19160079956055,84.6500015258789,46.60599899291992
2019-10-04,8.455085754394531,34.12317657470703,85.5999984741211,46.2859992980957
2019-10-07,8.397042274475098,33.9667854309082,86.30999755859375,47.54399871826172
2019-10-08,8.261606216430664,33.11639404296875,85.0999984741211,48.0099983215332
2019-10-09,8.28095531463623,33.37052917480469,86.5999984741211,48.90599822998047
2019-10-10,8.338998794555664,33.87881088256836,87.41000366210938,48.948001861572266
2019-10-11,8.493782043457031,34.7682991027832,90.52999877929688,49.577999114990234
2019-10-14,8.532478332519531,34.69987869262695,90.02999877929688,51.391998291015625
2019-10-15,8.774328231811523,35.4427490234375,92.41999816894531,51.577999114990234
2019-10-16,8.774328231811523,35.8239631652832,92.44000244140625,51.95000076293945
2019-10-17,8.813024520874023,35.374324798583984,92.7300033569336,52.39400100708008
2019-10-18,8.987156867980957,35.35477828979492,94.27999877929688,51.38999938964844
2019-10-21,8.878996849060059,35.12018966674805,96.0199966430664,50.70000076293945
2019-10-22,8.918327331542969,35.49162292480469,94.18000030517578,51.11600112915039
2019-10-23,9.055987358093262,35.78486633300781,94.62999725341797,50.93600082397461
2019-10-24,8.456188201904297,35.01266860961914,95.12000274658203,59.93600082397461
2019-10-25,8.57418155670166,35.91193389892578,94.7699966430664,65.6259994506836
2019-10-28,8.466019630432129,35.814186096191406,94.9800033569336,65.54199981689453
2019-10-29,8.495518684387207,37.34879684448242,95.3499984741211,63.24399948120117
2019-10-30,8.397191047668457,37.05556106567383,94.7699966430664,63.00199890136719
2019-10-31,8.446354866027832,36.32246398925781,93.16999816894531,62.98400115966797
2019-11-01,8.741338729858398,37.11420822143555,94.86000061035156,62.6619987487793
2019-11-04,8.849498748779297,37.52474594116211,95.41999816894531,63.49399948120117
2019-11-05,8.86916446685791,37.368350982666016,95.48999786376953,63.444000244140625
2019-11-06,8.77083683013916,37.5540657043457,94.2699966430664,65.31600189208984
2019-11-07,8.741338729858398,37.62248992919922,94.08999633789062,67.10800170898438
2019-11-08,8.888829231262207,37.798431396484375,93.87999725341797,67.4280014038086
2019-11-11,8.928160667419434,37.84730529785156,94.16000366210938,69.01799774169922
2019-11-12,8.888829231262207,37.72023391723633,95.26000213623047,69.98600006103516
2019-11-13,8.662675857543945,36.35179138183594,95.87999725341797,69.22200012207031
2019-11-14,8.643010139465332,35.9705810546875,96.83999633789062,69.87000274658203
2019-11-15,8.800334930419922,36.05854797363281,98.0,70.43399810791016
2019-11-18,8.800334930419922,35.79463577270508,99.7300033569336,69.99800109863281
2019-11-19,8.75117015838623,35.56005096435547,100.1500015258789,71.90399932861328
2019-11-20,8.584012985229492,34.48483657836914,99.56999969482422,70.44400024414062
2019-11-21,8.564348220825195,33.888587951660156,98.18000030517578,70.96600341796875
2019-11-22,8.741338729858398,34.533714294433594,97.58000183105469,66.60800170898438
2019-11-25,8.849498748779297,35.00289535522461,97.83000183105469,67.26799774169922
2019-11-26,8.859331130981445,35.10063934326172,98.63999938964844,65.78399658203125
2019-11-27,8.947826385498047,35.32545471191406,98.30999755859375,66.25800323486328
2019-11-29,8.908495903015137,35.1886100769043,97.26000213623047,65.98799896240234
2019-12-02,8.859331130981445,35.07131576538086,96.69000244140625,66.9739990234375
2019-12-03,8.741338729858398,34.72920227050781,95.98999786376953,67.23999786376953
2019-12-04,8.800334930419922,34.99311447143555,96.41000366210938,66.60600280761719
2019-12-05,8.780669212341309,34.88444519042969,96.08000183105469,66.0739974975586
2019-12-06,8.86916446685791,35.111671447753906,97.37000274658203,67.1780014038086
2019-12-09,8.859331130981445,34.9536018371582,96.69000244140625,67.90599822998047
2019-12-10,8.918327331542969,34.68685531616211,96.94000244140625,69.76799774169922
2019-12-11,8.957658767700195,34.81528854370117,99.02999877929688,70.54000091552734
2019-12-12,9.16414737701416,35.664920806884766,99.05000305175781,71.93599700927734
2019-12-13,9.075652122497559,35.2203483581543,97.87999725341797,71.6780014038086
2019-12-16,9.232976913452148,35.6748046875,98.0,76.30000305175781
2019-12-17,9.232976913452148,35.87239456176758,98.9000015258789,75.7979965209961
2019-12-18,9.380468368530273,36.8603401184082,98.63999938964844,78.62999725341797
2019-12-19,9.252642631530762,36.81093978881836,98.79000091552734,80.80799865722656
2019-12-20,9.321471214294434,36.801063537597656,92.70999908447266,81.11799621582031
2019-12-23,9.282140731811523,36.326847076416016,89.18000030517578,83.84400177001953
2019-12-24,9.311639785766602,36.13914108276367,88.86000061035156,85.05000305175781
2019-12-26,9.291973114013672,36.04034423828125,89.02999877929688,86.18800354003906
2019-12-27,9.20347785949707,36.119380950927734,88.4000015258789,86.07599639892578
2019-12-30,9.095317840576172,36.000823974609375,87.43000030517578,82.94000244140625
2019-12-31,9.144481658935547,36.15889358520508,87.66999816894531,83.66600036621094
2020-01-02,9.26247501373291,36.92949676513672,89.51000213623047,86.052001953125
2020-01-03,9.055987358093262,35.88227081298828,87.26000213623047,88.60199737548828
2020-01-06,9.00682258605957,35.408058166503906,87.05000305175781,90.30799865722656
2020-01-07,9.095317840576172,34.726375579833984,87.2300033569336,93.81199645996094
2020-01-08,9.095317840576172,34.232398986816406,87.08000183105469,98.4280014038086
2020-01-09,9.105151176452637,34.65721893310547,87.5999984741211,96.26799774169922
2020-01-10,9.095317840576172,34.232398986816406,89.08999633789062,95.62999725341797
2020-01-13,9.085484504699707,34.55842208862305,91.02999877929688,104.97200012207031
2020-01-14,9.134649276733398,34.726375579833984,91.94000244140625,107.58399963378906
2020-01-15,9.036320686340332,34.726375579833984,92.87999725341797,103.69999694824219
2020-01-16,9.016655921936035,35.121551513671875,94.69999694824219,102.697998046875
2020-01-17,9.00682258605957,35.17094802856445,95.68000030517578,102.0999984741211
2020-01-21,9.055987358093262,34.568302154541016,95.9000015258789,109.44000244140625
2020-01-22,9.00682258605957,34.48926544189453,97.3499984741211,113.91200256347656
2020-01-23,8.987157821655273,34.45962905883789,98.11000061035156,114.44000244140625
2020-01-24,8.849498748779297,33.8964958190918,96.7300033569336,112.96399688720703
2020-01-27,8.741338729858398,33.00734329223633,95.9800033569336,111.60399627685547
2020-01-28,8.820000648498535,33.23456954956055,98.56999969482422,113.37999725341797
2020-01-29,8.859999656677246,33.19505310058594,98.5,116.197998046875
2020-01-30,8.84000015258789,32.92831039428711,99.36000061035156,128.16200256347656
2020-01-31,8.819999694824219,32.98758316040039,97.04000091552734,130.11399841308594
2020-02-03,8.979999542236328,33.31360626220703,95.05999755859375,156.0
2020-02-04,9.180000305175781,33.955772399902344,96.75,177.41200256347656
2020-02-05,8.3100004196167,34.607818603515625,97.97000122070312,146.94000244140625
2020-02-06,8.25,33.916255950927734,96.97000122070312,149.79200744628906
2020-02-07,8.109999656677246,33.224693298339844,96.30000305175781,149.61399841308594
2020-02-10,8.0600004196167,33.83721923828125,97.6500015258789,154.25599670410156
2020-02-11,8.100000381469727,34.58805847167969,98.83999633789062,154.87600708007812
2020-02-12,8.239999771118164,35.06227493286133,98.2300033569336,153.45799255371094
2020-02-13,8.25,34.86468505859375,98.88999938964844,160.8000030517578
2020-02-14,8.100000381469727,34.34107208251953,98.80999755859375,160.00599670410156
2020-02-18,8.0600004196167,33.99528884887695,98.2699966430664,171.67999267578125
2020-02-19,8.0,34.499141693115234,100.12999725341797,183.48399353027344
2020-02-20,8.029999732971191,34.86468505859375,101.9000015258789,179.8820037841797
2020-02-21,7.889999866485596,34.232398986816406,101.20999908447266,180.1999969482422
2020-02-24,7.570000171661377,32.691200256347656,97.44999694824219,166.75799560546875
2020-02-25,7.230000019073486,31.36734962463379,93.29000091552734,159.98199462890625
2020-02-26,7.210000038146973,31.614336013793945,91.30000305175781,155.75999450683594
2020-02-27,6.96999979019165,30.339881896972656,88.19000244140625,135.8000030517578
2020-02-28,6.960000038146973,30.132413864135742,87.30999755859375,133.59800720214844
2020-03-02,7.199999809265137,31.04132652282715,89.73999786376953,148.7239990234375
2020-03-03,6.96999979019165,30.15217399597168,86.16000366210938,149.1020050048828
2020-03-04,7.079999923706055,31.150001525878906,90.69999694824219,149.89999389648438
2020-03-05,6.739999771118164,30.100000381469727,85.93000030517578,144.9080047607422
2020-03-06,6.489999771118164,28.690000534057617,85.0,140.6959991455078
2020-03-09,5.900000095367432,24.690000534057617,75.20999908447266,121.5999984741211
2020-03-10,6.260000228881836,27.1200008392334,79.79000091552734,129.0659942626953
2020-03-11,5.900000095367432,26.0,76.20999908447266,126.84600067138672
2020-03-12,5.349999904632568,23.040000915527344,67.87000274658203,112.11000061035156
2020-03-13,5.630000114440918,24.709999084472656,69.19000244140625,109.3239974975586
2020-03-16,5.010000228881836,21.0,54.95000076293945,89.01399993896484
2020-03-17,5.010000228881836,20.31999969482422,53.7599983215332,86.04000091552734
2020-03-18,4.5,16.799999237060547,48.220001220703125,72.24400329589844
2020-03-19,4.46999979019165,17.709999084472656,48.130001068115234,85.52799987792969
2020-03-20,4.329999923706055,18.139999389648438,44.27000045776367,85.50599670410156
2020-03-23,4.010000228881836,17.600000381469727,47.70000076293945,86.85800170898438
2020-03-24,4.949999809265137,21.110000610351562,56.31999969482422,101.0
2020-03-25,5.389999866485596,21.489999771118164,63.880001068115234,107.8499984741211
2020-03-26,5.25,22.559999465942383,60.91999816894531,105.63200378417969
2020-03-27,5.190000057220459,21.3799991607666,58.93000030517578,102.87200164794922
2020-03-30,5.03000020980835,21.31999969482422,55.75,100.4260025024414
2020-03-31,4.829999923706055,20.780000686645508,53.83000183105469,104.80000305175781
2020-04-01,4.400000095367432,19.260000228881836,52.36000061035156,96.31199645996094
2020-04-02,4.360000133514404,18.190000534057617,50.20000076293945,90.89399719238281
2020-04-03,4.239999771118164,18.040000915527344,48.599998474121094,96.00199890136719
2020-04-06,4.53000020980835,19.549999237060547,54.45000076293945,103.24800109863281
2020-04-07,4.710000038146973,21.299999237060547,58.0099983215332,109.08999633789062
2020-04-08,5.03000020980835,23.1299991607666,63.220001220703125,109.76799774169922
2020-04-09,5.369999885559082,24.059999465942383,66.5,114.5999984741211
2020-04-13,5.159999847412109,23.010000228881836,62.599998474121094,130.19000244140625
2020-04-14,5.289999961853027,22.979999542236328,64.38999938964844,141.97799682617188
2020-04-15,5.03000020980835,21.65999984741211,61.58000183105469,145.96600341796875
2020-04-16,4.940000057220459,20.8700008392334,59.06999969482422,149.04200744628906
2020-04-17,5.119999885559082,22.479999542236328,65.22000122070312,150.7779998779297
2020-04-20,4.980000019073486,22.3799991607666,64.55999755859375,149.27200317382812
2020-04-21,4.769999980926514,21.239999771118164,63.58000183105469,137.343994140625
2020-04-22,4.769999980926514,21.299999237060547,64.91000366210938,146.4219970703125
2020-04-23,4.889999866485596,21.520000457763672,65.98999786376953,141.12600708007812
2020-04-24,4.869999885559082,21.950000762939453,70.95999908447266,145.02999877929688
2020-04-27,5.170000076293945,22.450000762939453,74.97000122070312,159.75
2020-04-28,5.380000114440918,22.18000030517578,74.0999984741211,153.82400512695312
2020-04-29,5.260000228881836,23.780000686645508,78.98999786376953,160.1020050048828
2020-04-30,5.090000152587891,22.290000915527344,73.6500015258789,156.37600708007812
2020-05-01,4.920000076293945,20.899999618530273,71.06999969482422,140.26400756835938
2020-05-04,4.860000133514404,20.75,71.68000030517578,152.23800659179688
2020-05-05,4.96999979019165,21.260000228881836,72.97000122070312,153.64199829101562
2020-05-06,4.869999885559082,21.889999389648438,72.97000122070312,156.51600646972656
2020-05-07,4.869999885559082,22.440000534057617,72.87000274658203,156.00799560546875
2020-05-08,5.239999771118164,23.93000030517578,76.69000244140625,163.88400268554688
2020-05-11,5.119999885559082,22.799999237060547,75.95999908447266,162.25799560546875
2020-05-12,4.980000019073486,22.559999465942383,74.77999877929688,161.8820037841797
2020-05-13,4.71999979019165,21.459999084472656,73.94999694824219,158.19200134277344
2020-05-14,4.889999866485596,22.309999465942383,75.16999816894531,160.66600036621094
2020-05-15,4.900000095367432,22.6299991607666,75.80000305175781,159.83399963378906
2020-05-18,5.309999942779541,24.809999465942383,79.75,162.7259979248047
2020-05-19,5.300000190734863,24.690000534057617,78.94999694824219,161.6020050048828
2020-05-20,5.489999771118164,25.479999542236328,78.3499984741211,163.11199951171875
2020-05-21,5.630000114440918,25.799999237060547,80.41999816894531,165.52000427246094
2020-05-22,5.650000095367432,25.979999542236328,81.55000305175781,163.37600708007812
2020-05-26,5.840000152587891,27.399999618530273,85.22000122070312,163.7740020751953
2020-05-27,6.03000020980835,27.790000915527344,89.20999908447266,164.04600524902344
2020-05-28,5.849999904632568,26.68000030517578,88.68000030517578,161.16200256347656
2020-05-29,5.710000038146973,25.8799991607666,88.05000305175781,167.0
2020-06-01,5.869999885559082,26.940000534057617,90.08999633789062,179.6199951171875
2020-06-02,5.900000095367432,27.40999984741211,92.02999877929688,176.31199645996094
2020-06-03,6.190000057220459,29.06999969482422,94.80000305175781,176.5919952392578
2020-06-04,6.570000171661377,29.15999984741211,93.12999725341797,172.87600708007812
2020-06-05,7.340000152587891,30.610000610351562,95.93000030517578,177.1320037841797
2020-06-08,7.53000020980835,30.68000030517578,98.3499984741211,189.98399353027344
2020-06-09,7.239999771118164,29.860000610351562,94.91999816894531,188.13400268554688
2020-06-10,6.809999942779541,28.75,91.98999786376953,205.00999450683594
2020-06-11,6.130000114440918,26.5,87.29000091552734,194.5679931640625
2020-06-12,6.460000038146973,27.959999084472656,89.9800033569336,187.05599975585938
2020-06-15,6.5,27.770000457763672,92.83000183105469,198.17999267578125
2020-06-16,6.550000190734863,27.780000686645508,96.36000061035156,196.42599487304688
2020-06-17,6.329999923706055,27.15999984741211,96.98999786376953,198.35800170898438
2020-06-18,6.329999923706055,27.09000015258789,97.91000366210938,200.79200744628906
2020-06-19,6.230000019073486,26.59000015258789,91.87000274658203,200.17999267578125
2020-06-22,6.28000020980835,26.3700008392334,93.95999908447266,198.86399841308594
2020-06-23,6.150000095367432,26.25,92.20999908447266,200.3560028076172
2020-06-24,5.949999809265137,25.280000686645508,89.44999694824219,192.1699981689453
2020-06-25,6.03000020980835,25.229999542236328,89.58999633789062,197.1959991455078
2020-06-26,5.909999847412109,24.459999084472656,86.58000183105469,191.947998046875
2020-06-29,6.010000228881836,25.299999237060547,88.9800033569336,201.8699951171875
2020-06-30,6.079999923706055,25.299999237060547,89.55000305175781,215.96200561523438
2020-07-01,5.980000019073486,24.959999084472656,89.0199966430664,223.92599487304688
2020-07-02,6.050000190734863,25.239999771118164,89.22000122070312,241.73199462890625
2020-07-06,6.190000057220459,25.729999542236328,90.37999725341797,274.3160095214844
2020-07-07,6.119999885559082,25.1299991607666,88.58999633789062,277.97198486328125
2020-07-08,6.090000152587891,24.940000534057617,88.69999694824219,273.1759948730469
2020-07-09,5.840000152587891,23.420000076293945,86.2300033569336,278.8559875488281
2020-07-10,6.099999904632568,24.389999389648438,88.19000244140625,308.92999267578125
2020-07-13,6.059999942779541,24.860000610351562,87.27999877929688,299.4119873046875
2020-07-14,6.360000133514404,25.639999389648438,91.3499984741211,303.3599853515625
2020-07-15,6.739999771118164,26.8799991607666,95.04000091552734,309.2019958496094
2020-07-16,6.860000133514404,26.850000381469727,95.22000122070312,300.12799072265625
2020-07-17,6.800000190734863,26.450000762939453,95.0199966430664,300.1679992675781
2020-07-20,6.659999847412109,26.010000228881836,93.3499984741211,328.6000061035156
2020-07-21,6.679999828338623,26.149999618530273,95.2699966430664,313.6719970703125
2020-07-22,6.840000152587891,26.299999237060547,97.8499984741211,318.46600341796875
2020-07-23,6.980000019073486,26.760000228881836,97.77999877929688,302.614013671875
2020-07-24,6.880000114440918,26.25,97.45999908447266,283.3999938964844
2020-07-27,6.929999828338623,25.700000762939453,97.7699966430664,307.9200134277344
2020-07-28,7.010000228881836,26.329999923706055,97.16999816894531,295.2980041503906
2020-07-29,6.920000076293945,25.889999389648438,98.68000030517578,299.8219909667969
2020-07-30,6.739999771118164,25.200000762939453,98.33000183105469,297.49798583984375
2020-07-31,6.610000133514404,24.889999389648438,96.97000122070312,286.1520080566406
2020-08-03,6.690000057220459,25.639999389648438,97.4000015258789,297.0
2020-08-04,6.860000133514404,25.799999237060547,99.36000061035156,297.3999938964844
2020-08-05,6.960000038146973,26.329999923706055,100.36000061035156,297.0039978027344
2020-08-06,6.929999828338623,26.6200008392334,100.6500015258789,297.9159851074219
2020-08-07,6.860000133514404,26.719999313354492,100.27999877929688,290.5419921875
2020-08-10,7.090000152587891,27.979999542236328,102.19999694824219,283.7139892578125
2020-08-11,7.230000019073486,28.520000457763672,103.98999786376953,274.87799072265625
2020-08-12,7.110000133514404,28.030000686645508,106.23999786376953,310.9519958496094
2020-08-13,7.03000020980835,27.549999237060547,104.36000061035156,324.20001220703125
2020-08-14,7.039999961853027,27.860000610351562,104.3499984741211,330.1419982910156
2020-08-17,6.980000019073486,30.010000228881836,105.62000274658203,367.12799072265625
2020-08-18,6.889999866485596,29.84000015258789,106.62999725341797,377.4179992675781
2020-08-19,6.869999885559082,29.219999313354492,106.77999877929688,375.70599365234375
2020-08-20,6.840000152587891,28.829999923706055,106.12000274658203,400.3659973144531
2020-08-21,6.659999847412109,28.559999465942383,106.91999816894531,409.9960021972656
2020-08-24,6.980000019073486,30.309999465942383,108.80000305175781,402.8399963378906
2020-08-25,6.940000057220459,29.690000534057617,107.04000091552734,404.6679992675781
2020-08-26,6.820000171661377,29.479999542236328,107.2300033569336,430.6340026855469
2020-08-27,6.909999847412109,29.690000534057617,106.54000091552734,447.75
2020-08-28,6.940000057220459,30.020000457763672,107.25,442.67999267578125
2020-08-31,6.820000171661377,29.6299991607666,106.93000030517578,498.32000732421875
2020-09-01,6.829999923706055,29.790000915527344,108.58000183105469,475.04998779296875
2020-09-02,6.949999809265137,30.959999084472656,108.5999984741211,447.3699951171875
2020-09-03,6.820000171661377,29.479999542236328,106.31999969482422,407.0
2020-09-04,6.900000095367432,30.0,105.58000183105469,418.32000732421875
2020-09-08,7.03000020980835,32.380001068115234,104.62000274658203,330.2099914550781
2020-09-09,6.96999979019165,31.950000762939453,105.1500015258789,366.2799987792969
2020-09-10,6.909999847412109,30.170000076293945,102.45999908447266,371.3399963378906
2020-09-11,7.0,30.459999084472656,101.62999725341797,372.7200012207031
2020-09-14,7.119999885559082,31.18000030517578,104.80000305175781,419.6199951171875
2020-09-15,7.039999961853027,31.579999923706055,105.01000213623047,449.760009765625
2020-09-16,7.019999980926514,31.790000915527344,104.51000213623047,441.760009765625
2020-09-17,7.28000020980835,31.920000076293945,102.98999786376953,423.42999267578125
2020-09-18,7.230000019073486,31.5,103.06999969482422,442.1499938964844
2020-09-21,6.869999885559082,30.0,101.12000274658203,449.3900146484375
2020-09-22,6.78000020980835,29.440000534057617,104.30000305175781,424.2300109863281
2020-09-23,6.639999866485596,29.34000015258789,105.93000030517578,380.3599853515625
2020-09-24,6.659999847412109,29.110000610351562,94.27999877929688,387.7900085449219
2020-09-25,6.510000228881836,29.0,94.02999877929688,407.3399963378906
2020-09-28,6.690000057220459,29.440000534057617,95.05000305175781,421.20001220703125
2020-09-29,6.599999904632568,28.739999771118164,93.08000183105469,419.07000732421875
2020-09-30,6.659999847412109,29.59000015258789,91.91000366210938,429.010009765625
2020-10-01,6.75,30.3799991607666,93.48999786376953,448.1600036621094
2020-10-02,6.889999866485596,30.459999084472656,95.55000305175781,415.0899963378906
2020-10-05,7.019999980926514,30.959999084472656,97.91000366210938,425.67999267578125
2020-10-06,6.980000019073486,30.399999618530273,93.1500015258789,413.9800109863281
2020-10-07,7.230000019073486,31.6200008392334,94.0999984741211,425.29998779296875
2020-10-08,7.349999904632568,32.209999084472656,95.94000244140625,425.9200134277344
2020-10-09,7.25,32.15999984741211,94.95999908447266,434.0
2020-10-12,7.670000076293945,32.209999084472656,92.51000213623047,442.29998779296875
2020-10-13,7.760000228881836,31.8700008392334,93.12999725341797,446.6499938964844
2020-10-14,7.570000171661377,31.670000076293945,91.58000183105469,461.29998779296875
2020-10-15,7.619999885559082,32.59000015258789,93.12000274658203,448.8800048828125
2020-10-16,7.670000076293945,33.45000076293945,93.73999786376953,439.6700134277344
2020-10-19,7.590000152587891,33.349998474121094,92.04000091552734,430.8299865722656
2020-10-20,7.739999771118164,35.599998474121094,91.12999725341797,421.94000244140625
2020-10-21,7.849999904632568,35.77000045776367,89.80999755859375,422.6400146484375
2020-10-22,8.210000038146973,37.40999984741211,91.41999816894531,425.7900085449219
2020-10-23,8.15999984741211,36.83000183105469,90.94999694824219,420.6300048828125
2020-10-26,8.029999732971191,35.81999969482422,88.79000091552734,420.2799987792969
2020-10-27,7.920000076293945,34.88999938964844,87.44000244140625,424.67999267578125
2020-10-28,7.699999809265137,34.09000015258789,87.87999725341797,406.0199890136719
2020-10-29,7.900000095367432,34.88999938964844,88.20999908447266,410.8299865722656
2020-10-30,7.730000019073486,34.529998779296875,86.44000244140625,388.0400085449219
2020-11-02,7.710000038146973,34.54999923706055,89.08000183105469,400.510009765625
2020-11-03,7.880000114440918,35.349998474121094,93.12000274658203,423.8999938964844
2020-11-04,7.639999866485596,35.2400016784668,91.55000305175781,420.9800109863281
2020-11-05,7.989999771118164,37.13999938964844,93.31999969482422,438.0899963378906
2020-11-06,7.789999961853027,37.470001220703125,92.75,429.95001220703125
2020-11-09,8.199999809265137,38.959999084472656,95.97000122070312,421.260009765625
2020-11-10,8.380000114440918,41.08000183105469,94.30999755859375,410.3599853515625
2020-11-11,8.329999923706055,40.560001373291016,93.41999816894531,417.1300048828125
2020-11-12,8.210000038146973,39.31999969482422,93.0999984741211,411.760009765625
2020-11-13,8.539999961853027,41.189998626708984,95.4800033569336,408.5
2020-11-16,8.800000190734863,42.130001068115234,97.58999633789062,408.0899963378906
2020-11-17,8.75,41.97999954223633,94.7300033569336,441.6099853515625
2020-11-18,8.819999694824219,42.720001220703125,92.81999969482422,486.6400146484375
2020-11-19,8.819999694824219,42.81999969482422,94.52999877929688,499.2699890136719
2020-11-20,8.739999771118164,43.040000915527344,94.55000305175781,489.6099853515625
2020-11-23,8.859999656677246,44.77000045776367,96.44000244140625,521.8499755859375
2020-11-24,9.449999809265137,46.459999084472656,96.04000091552734,555.3800048828125
2020-11-25,9.079999923706055,45.459999084472656,95.29000091552734,574.0
2020-11-27,9.09000015258789,45.060001373291016,95.37000274658203,585.760009765625
2020-11-30,9.079999923706055,43.84000015258789,93.4800033569336,567.5999755859375
2020-12-01,9.239999771118164,44.68000030517578,96.13999938964844,584.760009765625
2020-12-02,9.199999809265137,44.58000183105469,96.47000122070312,568.8200073242188
2020-12-03,9.210000038146973,44.09000015258789,96.2699966430664,593.3800048828125
2020-12-04,9.34000015258789,44.400001525878906,96.5,599.0399780273438
2020-12-07,9.220000267028809,44.310001373291016,96.05999755859375,641.760009765625
2020-12-08,9.25,43.79999923706055,94.37999725341797,649.8800048828125
2020-12-09,9.449999809265137,44.43000030517578,94.87000274658203,604.47998046875
2020-12-10,9.119999885559082,42.869998931884766,94.33999633789062,627.0700073242188
2020-12-11,9.020000457763672,41.91999816894531,93.93000030517578,609.989990234375
2020-12-14,8.90999984741211,41.619998931884766,92.54000091552734,639.8300170898438
2020-12-15,9.149999618530273,41.65999984741211,96.12999725341797,633.25
2020-12-16,9.039999961853027,41.41999816894531,99.08000183105469,622.77001953125
2020-12-17,9.079999923706055,42.029998779296875,99.79000091552734,655.9000244140625
2020-12-18,8.949999809265137,41.0099983215332,98.25,695.0
2020-12-21,8.930000305175781,41.209999084472656,100.45999908447266,649.8599853515625
2020-12-22,8.789999961853027,40.900001525878906,92.33000183105469,640.3400268554688
2020-12-23,8.989999771118164,42.45000076293945,93.18000030517578,645.97998046875
2020-12-24,8.859999656677246,41.58000183105469,92.30000305175781,661.77001953125
2020-12-28,8.890000343322754,41.65999984741211,91.0,663.6900024414062
2020-12-29,8.819999694824219,41.56999969482422,92.23999786376953,665.989990234375
2020-12-30,8.859999656677246,41.84000015258789,94.62000274658203,694.780029296875
2020-12-31,8.789999961853027,41.63999938964844,94.45999908447266,705.6699829101562
2021-01-04,8.520000457763672,40.5099983215332,93.30000305175781,729.77001953125
2021-01-05,8.649999618530273,41.65999984741211,94.19999694824219,735.1099853515625
2021-01-06,8.84000015258789,42.97999954223633,97.95999908447266,755.97998046875
2021-01-07,9.0600004196167,43.31999969482422,100.30000305175781,816.0399780273438
2021-01-08,9.0,43.060001373291016,102.0999984741211,880.02001953125
2021-01-11,9.300000190734863,45.0099983215332,104.63999938964844,811.1900024414062
2021-01-12,9.779999732971191,47.81999969482422,106.5,849.4400024414062
2021-01-13,9.779999732971191,48.72999954223633,105.48999786376953,854.4099731445312
2021-01-14,10.170000076293945,51.529998779296875,106.3499984741211,845.0
2021-01-15,9.829999923706055,49.970001220703125,106.44000244140625,826.1599731445312
2021-01-19,10.020000457763672,54.84000015258789,116.43000030517578,844.5499877929688
2021-01-20,10.859999656677246,55.86000061035156,122.79000091552734,850.4500122070312
2021-01-21,11.529999732971191,55.08000183105469,120.29000091552734,844.989990234375
2021-01-22,11.520000457763672,55.400001525878906,118.63999938964844,846.6400146484375
2021-01-25,11.289999961853027,53.38999938964844,120.95999908447266,880.7999877929688
2021-01-26,11.1899995803833,52.040000915527344,127.79000091552734,883.0900268554688
2021-01-27,10.789999961853027,49.34000015258789,121.44999694824219,864.1599731445312
2021-01-28,10.720000267028809,51.040000915527344,121.29000091552734,835.4299926757812
2021-01-29,10.529999732971191,50.68000030517578,117.77999877929688,793.530029296875
2021-02-01,10.829999923706055,51.5099983215332,116.91000366210938,839.8099975585938
2021-02-02,10.859999656677246,52.720001220703125,123.04000091552734,872.7899780273438
2021-02-03,11.199999809265137,54.25,123.30999755859375,854.6900024414062
2021-02-04,11.369999885559082,54.130001068115234,125.66000366210938,849.989990234375
2021-02-05,11.510000228881836,54.40999984741211,126.16999816894531,852.22998046875
2021-02-08,11.5600004196167,56.880001068115234,126.8499984741211,863.4199829101562
2021-02-09,11.930000305175781,56.060001373291016,125.41999816894531,849.4600219726562
2021-02-10,11.760000228881836,54.880001068115234,125.41999816894531,804.8200073242188
2021-02-11,11.449999809265137,53.5,126.83999633789062,811.6599731445312
2021-02-12,11.449999809265137,53.599998474121094,125.0999984741211,816.1199951171875
2021-02-16,11.539999961853027,53.459999084472656,122.36000061035156,796.219970703125
2021-02-17,11.479999542236328,52.88999938964844,122.51000213623047,798.1500244140625
2021-02-18,11.430000305175781,52.15999984741211,120.23999786376953,787.3800048828125
2021-02-19,11.579999923706055,52.56999969482422,121.31999969482422,781.2999877929688
2021-02-22,11.699999809265137,51.97999954223633,119.37999725341797,714.5
2021-02-23,11.619999885559082,51.11000061035156,119.26000213623047,698.8400268554688
2021-02-24,12.270000457763672,52.900001525878906,121.83999633789062,742.02001953125
2021-02-25,11.760000228881836,50.599998474121094,118.91999816894531,682.219970703125
2021-02-26,11.699999809265137,51.33000183105469,119.51000213623047,675.5
2021-03-01,11.979999542236328,52.540000915527344,121.38999938964844,718.4299926757812
2021-03-02,12.550000190734863,54.11000061035156,120.9800033569336,686.4400024414062
2021-03-03,12.170000076293945,52.66999816894531,121.80000305175781,653.2000122070312
2021-03-04,11.930000305175781,51.83000183105469,120.30000305175781,621.4400024414062
2021-03-05,12.270000457763672,53.75,123.19999694824219,597.9500122070312
2021-03-08,12.649999618530273,54.97999954223633,129.1699981689453,563.0
2021-03-09,12.569999694824219,54.650001525878906,128.6699981689453,673.5800170898438
2021-03-10,12.90999984741211,56.83000183105469,133.5500030517578,668.0599975585938
2021-03-11,12.8100004196167,56.33000183105469,132.97000122070312,699.5999755859375
2021-03-12,13.369999885559082,59.2599983215332,133.75999450683594,693.72998046875
2021-03-15,13.199999809265137,57.939998626708984,134.35000610351562,707.9400024414062
2021-03-16,12.489999771118164,57.119998931884766,131.1199951171875,676.8800048828125
2021-03-17,12.6899995803833,60.04999923706055,132.0500030517578,701.8099975585938
2021-03-18,12.489999771118164,59.27000045776367,134.55999755859375,653.1599731445312
2021-03-19,12.829999923706055,59.81999969482422,133.24000549316406,654.8699951171875
2021-03-22,12.850000381469727,58.099998474121094,132.3000030517578,670.0
2021-03-23,12.210000038146973,56.15999984741211,131.02000427246094,662.1599731445312
2021-03-24,12.140000343322754,55.810001373291016,128.35000610351562,630.27001953125
2021-03-25,12.319999694824219,56.599998474121094,130.60000610351562,640.3900146484375
2021-03-26,12.300000190734863,56.52000045776367,133.80999755859375,618.7100219726562
2021-03-29,12.149999618530273,55.939998626708984,134.57000732421875,611.2899780273438
2021-03-30,12.460000038146973,58.5099983215332,135.8300018310547,635.6199951171875
2021-03-31,12.25,57.459999084472656,132.66000366210938,667.9299926757812
2021-04-01,12.170000076293945,57.79999923706055,123.30999755859375,661.75
2021-04-05,12.699999809265137,61.040000915527344,128.05999755859375,691.0499877929688
2021-04-06,12.920000076293945,61.939998626708984,126.33000183105469,691.6199951171875
2021-04-07,12.729999542236328,60.83000183105469,126.0999984741211,670.969970703125
2021-04-08,12.510000228881836,60.09000015258789,128.14999389648438,683.7999877929688
2021-04-09,12.510000228881836,60.15999984741211,131.6300048828125,677.02001953125
2021-04-12,12.380000114440918,59.65999984741211,132.10000610351562,701.97998046875
2021-04-13,12.199999809265137,58.4900016784668,130.14999389648438,762.3200073242188
2021-04-14,12.239999771118164,58.47999954223633,129.6199951171875,732.22998046875
2021-04-15,12.239999771118164,58.61000061035156,129.19000244140625,738.8499755859375
2021-04-16,12.229999542236328,58.709999084472656,129.97000122070312,739.780029296875
2021-04-19,12.109999656677246,57.880001068115234,130.10000610351562,714.6300048828125
2021-04-20,11.449999809265137,55.77000045776367,127.80000305175781,718.989990234375
2021-04-21,11.729999542236328,57.4900016784668,128.92999267578125,744.1199951171875
2021-04-22,11.9399995803833,56.65999984741211,129.0500030517578,719.6900024414062
2021-04-23,12.220000267028809,57.529998779296875,131.0800018310547,729.4000244140625
2021-04-26,12.270000457763672,58.209999084472656,131.42999267578125,738.2000122070312
2021-04-27,12.489999771118164,58.970001220703125,133.0500030517578,704.739990234375
2021-04-28,12.430000305175781,58.54999923706055,134.08999633789062,694.4000244140625
2021-04-29,11.260000228881836,56.56999969482422,133.19000244140625,677.0
2021-04-30,11.539999961853027,57.220001220703125,133.24000549316406,709.4400024414062
2021-05-03,11.630000114440918,57.150001525878906,136.94000244140625,684.9000244140625
2021-05-04,11.40999984741211,55.34000015258789,137.41000366210938,673.5999755859375
2021-05-05,11.609999656677246,57.58000183105469,137.89999389648438,670.9400024414062
2021-05-06,11.739999771118164,58.720001220703125,130.2899932861328,663.5399780273438
2021-05-07,11.819999694824219,58.9900016784668,129.99000549316406,672.3699951171875
2021-05-10,11.710000038146973,57.40999984741211,127.91000366210938,629.0399780273438
2021-05-11,11.579999923706055,55.72999954223633,123.41999816894531,617.2000122070312
2021-05-12,11.329999923706055,53.7599983215332,118.06999969482422,589.8900146484375
2021-05-13,11.550000190734863,54.599998474121094,121.11000061035156,571.6900024414062
2021-05-14,11.84000015258789,56.0,124.83000183105469,589.739990234375
2021-05-17,12.149999618530273,56.040000915527344,124.44000244140625,576.8300170898438
2021-05-18,12.140000343322754,55.88999938964844,120.16000366210938,577.8699951171875
2021-05-19,12.109999656677246,55.529998779296875,115.91000366210938,563.4600219726562
2021-05-20,12.489999771118164,55.5099983215332,117.19000244140625,586.780029296875
2021-05-21,13.329999923706055,56.720001220703125,116.68000030517578,580.8800048828125
2021-05-24,13.0600004196167,56.599998474121094,113.87999725341797,606.4400024414062
2021-05-25,12.8100004196167,56.7599983215332,113.37000274658203,604.6900024414062
2021-05-26,13.899999618530273,58.08000183105469,114.79000091552734,619.1300048828125
2021-05-27,14.880000114440918,59.77000045776367,115.79000091552734,630.8499755859375
2021-05-28,14.529999732971191,59.310001373291016,115.19000244140625,625.219970703125
2021-06-01,14.8100004196167,59.650001525878906,116.69999694824219,623.9000244140625
2021-06-02,14.90999984741211,59.650001525878906,114.69999694824219,605.1199951171875
2021-06-03,15.989999771118164,63.459999084472656,113.80999755859375,572.8400268554688
2021-06-04,15.970000267028809,63.369998931884766,114.05000305175781,599.0499877929688
2021-06-07,15.880000114440918,63.22999954223633,114.55999755859375,605.1300048828125
2021-06-08,15.630000114440918,63.91999816894531,115.02999877929688,603.5900268554688
2021-06-09,15.479999542236328,62.77000045776367,115.0,598.780029296875
2021-06-10,15.109999656677246,61.34000015258789,115.0,610.1199951171875
2021-06-11,15.279999732971191,61.4900016784668,116.8499984741211,609.8900146484375
2021-06-14,14.869999885559082,60.790000915527344,118.0999984741211,617.6900024414062
2021-06-15,15.0,60.810001373291016,118.83000183105469,599.3599853515625
2021-06-16,15.020000457763672,61.7599983215332,117.47000122070312,604.8699951171875
2021-06-17,14.770000457763672,60.08000183105469,115.91999816894531,616.5999755859375
2021-06-18,14.520000457763672,58.7599983215332,113.16000366210938,623.3099975585938
2021-06-21,14.779999732971191,59.29999923706055,116.08999633789062,620.8300170898438
2021-06-22,14.90999984741211,59.2400016784668,117.44999694824219,623.7100219726562
2021-06-23,15.420000076293945,60.119998931884766,118.2699966430664,656.5700073242188
2021-06-24,15.260000228881836,60.040000915527344,119.43000030517578,679.8200073242188
2021-06-25,15.1899995803833,60.29999923706055,127.4000015258789,671.8699951171875
2021-06-28,14.960000038146973,58.63999938964844,129.00999450683594,688.719970703125
2021-06-29,15.010000228881836,58.83000183105469,130.64999389648438,680.760009765625
2021-06-30,14.859999656677246,59.16999816894531,129.14999389648438,679.7000122070312
2021-07-01,14.90999984741211,59.11000061035156,130.5800018310547,677.9199829101562
2021-07-02,14.930000305175781,58.959999084472656,133.82000732421875,678.9000244140625
2021-07-06,14.5,57.459999084472656,132.74000549316406,659.5800170898438
2021-07-07,14.229999542236328,56.59000015258789,136.8800048828125,644.6500244140625
2021-07-08,14.0600004196167,56.060001373291016,133.27000427246094,652.8099975585938
2021-07-09,14.479999542236328,58.7599983215332,134.83999633789062,656.9500122070312
2021-07-12,14.609999656677246,58.970001220703125,135.4199981689453,685.7000122070312
2021-07-13,14.420000076293945,58.72999954223633,131.74000549316406,668.5399780273438
2021-07-14,14.25,58.0,134.19000244140625,653.3800048828125
2021-07-15,14.010000228881836,56.95000076293945,131.25999450683594,650.5999755859375
2021-07-16,13.609999656677246,55.459999084472656,130.9499969482422,644.219970703125
2021-07-19,13.279999732971191,54.18000030517578,128.5500030517578,646.219970703125
2021-07-20,13.90999984741211,56.150001525878906,134.3800048828125,660.5
2021-07-21,14.1899995803833,57.04999923706055,135.92999267578125,655.2899780273438
2021-07-22,13.90999984741211,55.63999938964844,134.41000366210938,649.260009765625
2021-07-23,13.819999694824219,54.939998626708984,134.83999633789062,643.3800048828125
2021-07-26,14.029999732971191,55.77000045776367,135.08999633789062,657.6199951171875
2021-07-27,13.789999961853027,55.0,134.97000122070312,644.780029296875
2021-07-28,13.859999656677246,55.4900016784668,133.3000030517578,646.97998046875
2021-07-29,14.390000343322754,57.279998779296875,134.97000122070312,677.3499755859375
2021-07-30,13.949999809265137,56.84000015258789,133.9499969482422,687.2000122070312
2021-08-02,13.90999984741211,57.029998779296875,136.5,709.6699829101562
2021-08-03,14.020000457763672,57.880001068115234,139.6999969482422,709.739990234375
2021-08-04,13.319999694824219,52.720001220703125,136.6199951171875,710.9199829101562
2021-08-05,13.710000038146973,54.439998626708984,136.0,714.6300048828125
2021-08-06,13.800000190734863,55.04999923706055,134.02000427246094,699.0999755859375
2021-08-09,13.75,53.95000076293945,132.85000610351562,713.760009765625
2021-08-10,13.819999694824219,54.2599983215332,135.30999755859375,709.989990234375
2021-08-11,13.930000305175781,54.27000045776367,131.89999389648438,707.8200073242188
2021-08-12,13.899999618530273,54.619998931884766,129.33999633789062,722.25
2021-08-13,13.59000015258789,53.650001525878906,128.08999633789062,717.1699829101562
2021-08-16,13.460000038146973,52.95000076293945,129.07000732421875,686.1699829101562
2021-08-17,12.989999771118164,50.470001220703125,127.47000122070312,665.7100219726562
