,F,GM,KMX,TSLA
Date,,,,
8/23/2017,9.099985123,31.71038628,64.05000305,70.55400085
8/24/2017,9.099985123,31.73718834,63.72999954,70.58599854
8/25/2017,9.193448067,31.80866241,64.38999939,69.61000061
8/28/2017,9.167959213,31.72824097,63.47999954,69.13200378
8/29/2017,9.210442543,31.73718834,63.56000137,69.47200012
8/30/2017,9.295408249,32.00523376,65.98999786,70.63600159
8/31/2017,9.371880531,32.64855576,67.15000153,71.18000031
9/1/2017,9.643774033,33.3812294,68.12000275,71.08000183
9/5/2017,9.652271271,33.26507568,69.01999664,69.91799927
9/6/2017,9.771224976,33.65821075,69.08000183,68.90599823
9/7/2017,9.686256409,33.31522751,68.33999634,70.12200165
9/8/2017,9.652271271,33.39646149,68.47000122,68.68000031
9/11/2017,9.694754601,33.7123642,68.5,72.73799896
9/12/2017,9.847696304,34.1997757,68.34999847,72.55000305
9/13/2017,9.873184204,34.48860931,69.08999634,73.2460022
9/14/2017,9.82220459,35.01212692,69.45999908,75.52799988
9/15/2017,9.873184204,35.0933609,68.08000183,75.96199799
9/18/2017,9.88168335,34.83160019,68.33999634,77
9/19/2017,9.958152771,34.93088913,68.45999908,75.01999664
9/20/2017,9.949656487,35.0933609,68.66999817,74.78199768
9/21/2017,9.958152771,35.29193878,68.83999634,73.29599762
9/22/2017,10.06011391,35.58076096,74.19000244,70.21800232
9/25/2017,10.14507961,36.37506104,74.29000092,68.9980011
9/26/2017,10.13658333,36.33895111,73.58999634,69.05000305
9/27/2017,10.1535778,36.62779236,75.34999847,68.19400024
9/28/2017,10.16207409,36.62779236,75.93000031,67.91999817
9/29/2017,10.17057037,36.44726944,75.80999756,68.22000122
10/2/2017,10.27253151,38.04488754,76.58999634,68.30599976
10/3/2017,10.48495007,39.21827316,76.33000183,69.62799835
10/4/2017,10.45096397,39.51613617,76.44999695,71.0019989
10/5/2017,10.40847969,39.57931137,76.37000275,71.06600189
10/6/2017,10.45946026,40.55413055,76.80999756,71.37599945
10/9/2017,10.48495007,40.91517639,76.18000031,68.58799744
10/10/2017,10.5274334,40.80686188,76.23000336,71.11799622
10/11/2017,10.51893616,41.04153824,76.05999756,70.91999817
10/12/2017,10.29802322,40.51802063,75.69999695,71.13600159
10/13/2017,10.23854542,41.41160965,75.44000244,71.11399841
10/16/2017,10.29802322,41.30329132,75.45999908,70.12000275
10/17/2017,10.42547321,40.63536835,75.37000275,71.15000153
10/18/2017,10.35749817,40.72562408,75.26000214,71.93000031
10/19/2017,10.39148521,40.93322372,74.83999634,70.36199951
10/20/2017,10.4086895,41.1679039,75.13999939,69.01999664
10/23/2017,10.3570776,40.75270844,74.38999939,67.40399933
10/24/2017,10.48610973,41.95316696,74.77999878,67.46800232
10/25/2017,10.3570776,40.72562408,74.16999817,65.16799927
10/26/2017,10.55492878,40.84296417,74.86000061,65.23400116
10/27/2017,10.37428188,40.29236984,74.36000061,64.1740036
10/30/2017,10.4086895,39.14606094,74.94999695,64.01599884
10/31/2017,10.55492878,38.79404831,75.09999847,66.30599976
11/1/2017,10.62374592,38.92943954,74.45999908,64.21600342
11/2/2017,10.68396091,38.45105362,75.98000336,59.85200119
11/3/2017,10.63234901,38.21637726,75.19000244,61.2179985
11/6/2017,10.60654068,38.03585434,74.91000366,60.55599976
11/7/2017,10.46030331,37.63871384,73.41999817,61.20999908
11/8/2017,10.37428188,38.00877762,73.44000244,60.87799835
11/9/2017,10.3570776,38.00877762,72.18000031,60.59799957
11/10/2017,10.33127117,38.50520706,72.68000031,60.59799957
11/13/2017,10.46030331,39.32658386,72.34999847,63.08000183
11/14/2017,10.33987331,38.81210327,70.94000244,61.74000168
11/15/2017,10.32266903,38.6857338,70.72000122,62.25999832
11/16/2017,10.3570776,39.35366058,70.55000305,62.5
11/17/2017,10.33127117,39.60639572,69.44999695,63.00999832
11/20/2017,10.43449688,40.50899887,69.62000275,61.7480011
11/21/2017,10.42589569,40.59023285,68.75,63.56200027
11/22/2017,10.38288403,39.97646332,67.98999786,62.52000046
11/24/2017,10.4086895,40.1299057,68.05000305,63.11000061
11/27/2017,10.41729069,39.8681488,67.87000275,63.36199951
11/28/2017,10.50331402,40.54510117,67.45999908,63.50999832
11/29/2017,10.80439377,39.54320908,68.5,61.50799942
11/30/2017,10.76998425,38.89333344,68.91000366,61.77000046
12/1/2017,10.8215971,38.62254715,68.37999725,61.30599976
12/4/2017,10.86460781,38.85722733,70.70999908,61.04000092
12/5/2017,10.69256306,38.63157654,67.72000122,60.74000168
12/6/2017,10.64955235,38.04488754,66.55000305,62.65200043
12/7/2017,10.77858639,38.27258682,66.97000122,62.2480011
12/8/2017,10.84740257,38.27258682,67.48000336,63.02600098
12/11/2017,10.8215971,37.9538002,67.97000122,65.78199768
12/12/2017,10.83880043,37.8262825,66.86000061,68.20600128
12/13/2017,10.86460781,37.70787811,67.47000122,67.80599976
12/14/2017,10.71836948,37.17049789,67.08999634,67.57800293
12/15/2017,10.8215971,37.29801941,67.73000336,68.69000244
12/18/2017,10.89041328,38.39099884,68.51999664,67.77400208
12/19/2017,10.91622066,38.70067596,67.84999847,66.22000122
12/20/2017,10.94202709,38.72800446,68.47000122,65.79599762
12/21/2017,10.86460781,38.40010452,66,66.33200073
12/22/2017,10.8215971,38.27258682,65.23000336,65.04000092
12/26/2017,10.83880043,38.07221222,65.55000305,63.45800018
12/27/2017,10.75277901,37.62591171,64.91000366,62.32799911
12/28/2017,10.8215971,37.68966675,64.80999756,63.0719986
12/29/2017,10.74417591,37.33444977,64.12999725,62.27000046
1/2/2018,10.89041328,38.07221222,64.76000214,64.10600281
1/3/2018,10.97643852,39.00124359,66.94000244,63.45000076
1/4/2018,11.16568565,40.20352554,68.25,62.92399979
1/5/2018,11.35493469,40.08511353,71.04000092,63.31600189
1/8/2018,11.31192207,40.27639008,70.05000305,67.28199768
1/9/2018,11.25170803,40.12154388,69.80000305,66.73799896
1/10/2018,11.20869541,39.16519165,70.30000305,66.95999908
1/11/2018,11.32052517,40.2490654,71.91000366,67.58999634
1/12/2018,11.38074112,40.13976669,72.33000183,67.2440033
1/16/2018,11.26891327,40.2490654,71.33000183,68.01200104
1/17/2018,10.47750854,40.10333633,69.83999634,69.43199921
1/18/2018,10.38288403,39.94849396,70.54000092,68.91400146
1/19/2018,10.32266903,39.30181503,70.58000183,70.0039978
1/22/2018,10.33987331,39.42932892,71.48999786,70.31199646
1/23/2018,10.28825855,39.51129913,70.54000092,70.55799866
1/24/2018,10.36567974,40.22174072,70.94999695,69.1780014
1/25/2018,9.952772141,39.31092072,71.54000092,67.52799988
1/26/2018,10.02159023,39.61149597,72.41999817,68.56999969
1/29/2018,9.80123806,39.18340683,72.36000061,69.90599823
1/30/2018,9.748353958,38.89194107,71.81999969,69.16400146
1/31/2018,9.669026375,38.62780762,71.37000275,70.86199951
2/1/2018,9.624957085,38.6460228,70.80999756,69.84999847
2/2/2018,9.439862251,37.34355164,68.75,68.75
2/5/2018,9.025600433,36.01376343,64.81999969,66.62599945
2/6/2018,9.483932495,38.12685776,65.31999969,66.79399872
2/7/2018,9.483932495,38.60958862,65.40000153,69
2/8/2018,9.193068504,37.11584854,64.33999634,63.04600143
2/9/2018,9.281208992,37.76252747,64.48999786,62.08399963
2/12/2018,9.43104744,38.25437546,65.66000366,63.14599991
2/13/2018,9.33409214,37.70787811,63.38999939,64.73200226
2/14/2018,9.466302872,38.08132172,63.77999878,64.46199799
2/15/2018,9.483932495,38.11774445,64.33000183,66.81400299
2/16/2018,9.351719856,37.42552185,64.43000031,67.09799957
2/20/2018,9.369350433,37.13407135,63.31000137,66.95400238
2/21/2018,9.342907906,36.94279861,60.97999954,66.66000366
2/22/2018,9.369350433,37.26157379,61.04000092,69.23400116
2/23/2018,9.43104744,37.26157379,62.75999832,70.41000366
2/26/2018,9.598515511,37.83539963,62.88999939,71.48400116
2/27/2018,9.351719856,36.58757401,62.04000092,70.19799805
2/28/2018,9.351719856,35.84070206,61.91999817,68.61199951
3/1/2018,9.069671631,34.41982651,60.06000137,66.18599701
3/2/2018,9.166625023,34.09193039,59.97000122,67.02400208
3/5/2018,9.325278282,34.37428665,60.45999908,66.66999817
3/6/2018,9.369350433,34.54734421,61.49000168,65.63999939
3/7/2018,9.369350433,34.37428665,60.72000122,66.45999908
3/8/2018,9.351719856,34.8159256,60.75999832,65.81999969
3/9/2018,9.45748806,34.8159256,62.43000031,65.43399811
3/12/2018,9.528002739,34.80673218,62.5,69.10199738
3/13/2018,9.501560211,34.97233582,62.61999893,68.36799622
3/14/2018,9.713097572,34.67790985,62.79999924,65.3259964
3/15/2018,9.757167816,34.82513046,62.16999817,65.12000275
3/16/2018,9.827680588,34.90792847,62.86999893,64.26999664
3/19/2018,9.704284668,34.05225372,62.49000168,62.7120018
3/20/2018,9.686653137,33.94184875,61.93000031,62.11000061
3/21/2018,9.783608437,34.57670593,61.50999832,63.30599976
3/22/2018,9.475118637,33.44500351,60,61.81999969
3/23/2018,9.30765152,32.35930252,59.36000061,60.30799866
3/26/2018,9.545631409,33.11376953,60.59000015,60.83599854
3/27/2018,9.545631409,32.08328247,59.75,55.83599854
3/28/2018,9.572072029,32.6353302,60.63999939,51.55599976
3/29/2018,9.765980721,33.43580627,61.93999863,53.22600174
4/2/2018,9.572072029,32.90215302,59.91999817,50.49599838
4/3/2018,9.827680588,33.98785019,59.95999908,53.50600052
4/4/2018,9.986333847,34.99074173,62.72999954,57.38800049
4/5/2018,10.00396252,34.96313858,62.24000168,61.14400101
4/6/2018,9.854123116,34.66871262,60.29999924,59.86000061
4/9/2018,9.915821075,34.80673218,58.77000046,57.93199921
4/10/2018,10.09210205,35.94762802,60.81999969,60.93999863
4/11/2018,10.07447433,35.88322067,60.5,60.18600082
4/12/2018,9.968706131,35.72680664,61,58.81600189
4/13/2018,9.94226265,35.63479614,61.72000122,60.06800079
4/16/2018,10.03040409,36.0396347,62,58.24200058
4/17/2018,10.03040409,36.08564377,62.97000122,57.5379982
4/18/2018,9.986333847,35.81880951,63.27000046,58.66999817
4/19/2018,9.789823532,34.75152206,62.56999969,60.01599884
4/20/2018,9.664770126,34.60430908,61.15999985,58.04800034
4/23/2018,9.861280441,34.67790985,61.36000061,56.67399979
4/24/2018,9.789823532,34.89873505,61.31999969,56.69200134
4/25/2018,9.923807144,35.06435394,62.09000015,56.13800049
4/26/2018,10.20964146,35.19316101,62.09000015,57.09600067
4/27/2018,10.26323509,34.64111328,62.86000061,58.81600189
4/30/2018,10.03992748,33.80383682,62.5,58.77999878
5/1/2018,10.05779362,33.50941086,63.54000092,59.98400116
5/2/2018,10.01312923,33.30699539,63.52000046,60.22999954
5/3/2018,10.00419998,33.26099014,63.31999969,56.88999939
5/4/2018,10.14711475,33.77622604,64.95999908,58.81800079
5/7/2018,10.12925053,33.43580627,64.16999817,60.55400085
5/8/2018,10.06672573,33.42660141,63.15000153,60.39400101
5/9/2018,9.879145622,33.37139893,64.11000061,61.36999893
5/10/2018,10.01312923,34.19027328,63.27999878,61.00400162
5/11/2018,9.995265961,33.94184875,63.79999924,60.2120018
5/14/2018,9.986334801,33.70262909,64.77999878,58.39400101
5/15/2018,10.02206326,33.98785019,65,56.83599854
5/16/2018,10.18284416,34.99074173,65.90000153,57.29600143
5/17/2018,10.2364378,35.23916626,66.72000122,56.90800095
5/18/2018,10.12031746,34.76992035,65.87000275,55.36399841
5/21/2018,10.28109932,35.04595566,66.47000122,56.89799881
5/22/2018,10.29003334,35.22076035,65.16000366,55.0019989
5/23/2018,10.21857262,34.82513046,66.01999664,55.81399918
5/24/2018,10.37935448,35.32197189,66.80999756,55.56999969
5/25/2018,10.28109932,35.23916626,67.27999878,55.77000046
5/29/2018,10.21857262,34.39269257,68.26999664,56.7519989
5/30/2018,10.31683064,34.80673218,69.25,58.34400177
5/31/2018,10.31683064,39.28752136,68.91999817,56.94599915
6/1/2018,10.45974731,39.74757004,69.88999939,58.36399841
6/4/2018,10.48654366,40.28121948,71.44999695,59.34799957
6/5/2018,10.56693459,39.94078445,71.62000275,58.22600174
6/6/2018,10.69198799,40.41922379,72.62000275,63.90000153
6/7/2018,10.74557972,40.84615707,73.08000183,63.2179985
6/8/2018,10.80810738,41.06890869,73.79000092,63.5320015
6/11/2018,10.74557972,41.62577438,73.81999969,66.41999817
6/12/2018,10.81703949,41.00394058,73.84999847,68.55400085
6/13/2018,10.73664951,41.25452805,73.08999634,68.95600128
6/14/2018,10.62053013,40.43778992,73.22000122,71.54399872
6/15/2018,10.61159611,40.7533493,72.38999939,71.63400269
6/18/2018,10.70985222,40.79047775,72.40000153,74.16600037
6/19/2018,10.62053013,39.22196579,72.75,70.51000214
6/20/2018,10.60266399,38.93425369,72.76999664,72.44400024
6/21/2018,10.45974731,38.16392136,71.05000305,69.5019989
6/22/2018,10.40615177,38.2845726,80.19000244,66.72599792
6/25/2018,10.27216816,37.69058228,76.72000122,66.60199738
6/26/2018,10.29003334,38.06182861,75.38999939,68.40000153
6/27/2018,10.2007103,37.46783447,74.30999756,68.90000153
6/28/2018,10.07565689,37.60705185,73.44999695,69.98600006
6/29/2018,9.88807869,36.56757736,72.87000275,68.58999634
7/2/2018,9.914875031,36.66038132,73.73999786,67.01399994
7/3/2018,9.816617966,36.16848373,74.19999695,62.17200089
7/5/2018,9.870213509,36.63253784,76.11000061,61.83200073
7/6/2018,9.879145622,36.34481812,76.41000366,61.77999878
7/9/2018,10.00419998,36.89241028,76.59999847,63.70199966
7/10/2018,10.04886055,37.20796967,76.54000092,64.4940033
7/11/2018,9.88807869,36.47475052,75.72000122,63.79199982
7/12/2018,9.870213509,36.44691467,76.56999969,63.34199905
7/13/2018,9.807686806,36.53044128,76.91999817,63.77399826
7/16/2018,9.691567421,36.71607208,77.25,62.02000046
7/17/2018,9.700498581,37.15227509,77.66999817,64.53800201
7/18/2018,9.709429741,37.00378036,77.37000275,64.76999664
7/19/2018,9.664770126,36.48404312,77.69999695,64.04599762
7/20/2018,9.565134048,36.56757736,77.13999939,62.7159996
7/23/2018,9.483612061,36.44691467,77.70999908,60.63999939
7/24/2018,9.57419014,36.64181519,75.59999847,59.48600006
7/25/2018,9.528902054,34.94337845,75.19999695,61.7480011
7/26/2018,8.958255768,34.10807037,75.37000275,61.33000183
7/27/2018,8.994486809,34.83200073,74.81999969,59.43600082
7/30/2018,9.121296883,34.96193314,75.08999634,58.0340004
7/31/2018,9.094122887,35.18468475,74.68000031,59.62799835
8/1/2018,8.967311859,34.47003555,73.23000336,60.16799927
8/2/2018,8.985427856,33.98741913,73.30000305,69.90799713
8/3/2018,9.094122887,35.0176239,74.69000244,69.63400269
8/6/2018,9.085063934,34.89696884,75.44999695,68.39800262
8/7/2018,9.130354881,34.87840652,75.58000183,75.91400146
8/8/2018,9.103180885,34.95265198,74.93000031,74.06800079
8/9/2018,8.976370811,34.81343842,74.16999817,70.48999786
8/10/2018,8.822385788,33.95957565,73.08000183,71.09799957
8/13/2018,8.568764687,33.56048965,72.38999939,71.28199768
8/14/2018,8.604997635,33.59761429,72.83999634,69.52799988
8/15/2018,8.559705734,33.35630417,72.76000214,67.73799896
8/16/2018,8.614055634,33.6811409,72.80000305,67.08999634
8/17/2018,8.650287628,33.76467514,73.62999725,61.09999847
8/20/2018,8.804270744,34.12663651,74.80000305,61.68799973
8/21/2018,8.931080818,34.25657272,75.81999969,64.37999725
8/22/2018,8.777095795,33.53264618,75.33999634,64.32800293
8/23/2018,8.72274971,33.10571289,75.02999878,64.01999664
8/24/2018,8.76803875,33.36558533,75.48999786,64.56400299
8/27/2018,9.048833847,34.98050308,76.66999817,63.85400009
8/28/2018,9.066947937,34.63709641,77.12000275,62.37200165
8/29/2018,9.03071785,34.45147705,77.68000031,61.0019989
8/30/2018,8.786154747,33.74611282,77.20999908,60.63000107
8/31/2018,8.586880684,33.4583931,78.05000305,60.33200073
9/4/2018,8.577823639,33.04074478,78.84999847,57.79000092
9/5/2018,8.595938683,32.75303268,78.86000061,56.14799881
9/6/2018,8.541592598,32.25578308,78.23999786,56.18999863
9/7/2018,8.396665573,31.81482124,78.86000061,52.64799881
9/10/2018,8.496302605,31.77729225,79.94000244,57.09999847
9/11/2018,8.432897568,31.68347359,80.61000061,55.88800049
9/12/2018,8.460071564,31.95555305,80.68000031,58.10800171
9/13/2018,8.487243652,32.13381195,80.18000031,57.89199829
9/14/2018,8.559705734,32.49033737,80.51999664,59.04000092
9/17/2018,8.650287628,32.85623932,79.84999847,58.9679985
9/18/2018,8.677459717,32.93129349,78.05999756,56.99200058
9/19/2018,8.858617783,33.52236557,78.56999969,59.80400085
9/20/2018,8.885791779,33.85074615,78.44999695,59.66600037
9/21/2018,8.922023773,33.13770294,78.16999817,59.81999969
9/24/2018,8.686518669,32.60291672,75.87999725,59.93600082
9/25/2018,8.50535965,31.47706223,75.87999725,60.19800186
9/26/2018,8.396665573,31.6459446,74.66000366,61.91600037
9/27/2018,8.360433578,31.58964539,73.81999969,61.50400162
9/28/2018,8.378549576,31.58964539,74.66999817,52.95399857
10/1/2018,8.441954613,32.08690262,73.69000244,62.13999939
10/2/2018,8.333260536,31.24250793,73.15000153,60.20399857
10/3/2018,8.269854546,31.89925957,73.51000214,58.95999908
10/4/2018,8.287970543,32.13381195,72.30000305,56.36600113
10/5/2018,8.260796547,32.01184464,70.88999939,52.38999939
10/8/2018,8.387607574,32.13381195,71.02999878,50.11199951
10/9/2018,8.106812477,30.63267326,70.77999878,52.56000137
10/10/2018,7.989059448,30.58576012,68.61000061,51.37599945
10/11/2018,7.98000288,30.31368065,67.84999847,50.44599915
10/12/2018,7.82601881,29.82580948,67.86000061,51.75600052
10/15/2018,7.98000288,30.13541603,68.38999939,51.91799927
10/16/2018,7.970944405,30.34182549,70.76000214,55.31800079
10/17/2018,7.93471384,29.95715904,69.91999817,54.35599899
10/18/2018,7.708266735,29.1596756,68.41999817,52.7820015
10/19/2018,7.699207783,29.27226067,68.65000153,52
10/22/2018,7.754530907,29.40361214,68.43000031,52.18999863
10/23/2018,7.920503139,30.13541603,69,58.82799911
10/24/2018,7.542457581,28.67180443,68.08999634,57.70000076
10/25/2018,8.289327621,30.02283287,70.65000153,62.97200012
10/26/2018,8.280105591,30.63267326,70.04000092,66.18000031
10/29/2018,8.556724548,31.08301353,70.66000366,66.97000122
10/30/2018,8.722695351,31.46768188,68.16000366,65.98000336
10/31/2018,8.805681229,34.32922745,67.91000366,67.46399689
11/1/2018,8.565944672,34.2166481,69.73000336,68.85600281
11/2/2018,8.64893055,33.80383301,69.79000092,69.28199768
11/5/2018,8.787239075,34.01024246,70.54000092,68.27999878
11/6/2018,8.796461105,34.20726395,70.45999908,68.21199799
11/7/2018,8.851784706,34.60131073,68.15000153,69.63200378
11/8/2018,8.722695351,34.31046677,67.98000336,70.27999878
11/9/2018,8.64893055,33.49422073,65.72000122,70.10199738
11/12/2018,8.750356674,33.48483658,65.02999878,66.2559967
11/13/2018,8.796461105,33.71001816,65.56999969,67.7460022
11/14/2018,8.796461105,33.0532608,62.86000061,68.80000305
11/15/2018,8.584387779,33.35349274,63.20999908,69.68800354
11/16/2018,8.344650269,33.54113388,62.02999878,70.86199951
11/19/2018,8.529062271,33.47545624,62.20999908,70.69400024
11/20/2018,8.353872299,32.92190933,60.90999985,69.4980011
11/21/2018,8.399973869,33.35349274,62.45999908,67.63800049
11/23/2018,8.41841507,33.71001816,62.24000168,65.16600037
11/26/2018,8.667370796,35.3237381,63.66999817,69.19999695
11/27/2018,8.556724548,34.42305374,64.65000153,68.78399658
11/28/2018,8.676592827,34.66699219,66.80999756,69.5739975
11/29/2018,8.639710426,34.48872757,66.08999634,68.23400116
11/30/2018,8.676592827,35.60520172,66.06999969,70.09600067
12/3/2018,8.851784706,36.0743103,65.66999817,71.69799805
12/4/2018,8.464517593,34.26355743,64.05000305,71.94000244
12/6/2018,8.316988945,33.84640503,64.51999664,72.61199951
12/7/2018,8.132575989,32.88884354,62.56000137,71.59400177
12/10/2018,7.855958462,32.63285828,62.34000015,73.02999878
12/11/2018,7.874398708,32.88884354,63.18999863,73.35199738
12/12/2018,7.966605186,33.82744217,63.34000015,73.31999969
12/13/2018,7.837516785,33.28703308,62.36000061,75.35800171
12/14/2018,7.855958462,33.27755356,61.20999908,73.14199829
12/17/2018,7.837516785,32.86040115,60.25999832,69.68399811
12/18/2018,7.809855461,33.0879364,59.75999832,67.40599823
12/19/2018,7.671545029,33.11638641,57.77999878,66.59400177
12/20/2018,7.616222858,32.49065018,56.72000122,63.07600021
12/21/2018,7.422589302,31.26762581,58.95999908,63.95399857
12/24/2018,7.035324097,30.68929672,59.04999924,59.07799911
12/26/2018,7.238177776,31.77959061,62.59000015,65.21800232
12/27/2018,7.238177776,32.19674683,63.18000031,63.22600174
12/28/2018,7.201294899,32.15882111,62.49000168,66.77400208
12/31/2018,7.053765297,31.71322441,62.72999954,66.55999756
1/2/2019,7.2842803,31.89336014,62.97000122,62.02399826
1/3/2019,7.173633099,30.57553291,61.88999939,60.0719986
1/4/2019,7.450251579,31.59945488,63.61000061,63.5379982
1/7/2019,7.643884182,32.57597733,66.43000031,66.99199677
1/8/2019,7.717648983,33.00261688,64.91000366,67.06999969
1/9/2019,8.040371895,33.35340118,65.63999939,67.70600128
1/10/2019,7.994267464,32.92676544,64.61000061,68.9940033
1/11/2019,8.132575989,35.2495575,64.98999786,69.45200348
1/14/2019,8.289327621,35.70463562,64.86000061,66.87999725
1/15/2019,8.151017189,35.60034943,64.38999939,68.88600159
1/16/2019,7.643884182,35.71411514,63.97000122,69.20999908
1/17/2019,7.708427906,36.27347946,64.55999756,69.46199799
1/18/2019,7.911281586,36.60531235,61.91999817,60.45199966
1/22/2019,7.837516785,36.16919708,59.45000076,59.7840004
1/23/2019,7.689987659,35.71411514,58.97999954,57.51800156
1/24/2019,7.92972374,36.17867661,59.43999863,58.30199814
1/25/2019,8.169458389,36.63375092,60.31000137,59.40800095
1/28/2019,7.985046387,36.46309662,60.08000183,59.27600098
1/29/2019,8.077253342,36.47257996,58.38999939,59.49200058
1/30/2019,8.171064377,37.06039429,58.97000122,61.75400162
1/31/2019,8.255496025,36.99402237,58.77999878,61.40399933
2/1/2019,8.180447578,36.76647949,59.18999863,62.44200134
2/4/2019,8.161684036,36.90869904,61.34000015,62.57799911
2/5/2019,8.208589554,37.25948715,61.93999863,64.26999664
2/6/2019,8.180447578,37.8378067,60.99000168,63.44400024
2/7/2019,7.795815945,36.64323807,60.11999893,61.5019989
2/8/2019,7.870865345,36.69063568,60.38000107,61.15999985
2/11/2019,7.814577579,36.62427521,60.68999863,62.56800079
2/12/2019,7.936534405,37.00349808,60.84999847,62.36199951
2/13/2019,7.889627457,36.97505951,61.36000061,61.63399887
2/14/2019,7.899009705,36.87077332,61.15999985,60.75400162
2/15/2019,8.011583328,37.06039429,62.06000137,61.57600021
2/19/2019,8.283640862,37.47754288,61.99000168,61.12799835
2/20/2019,8.386833191,37.87573242,62.40000153,60.51200104
2/21/2019,8.171064377,37.56287003,61.52000046,58.24599838
2/22/2019,8.171064377,37.91365814,60.54000092,58.94200134
2/25/2019,8.217971802,38.05587006,59.79999924,59.75400162
2/26/2019,8.330546379,38.02742767,60.95000076,59.5719986
2/27/2019,8.236733437,37.92314148,60.29999924,62.94800186
2/28/2019,8.227353096,37.43013763,62.09999847,63.97600174
3/1/2019,8.246115685,37.47754288,61.65000153,58.95800018
3/4/2019,8.264878273,37.21207809,59.83000183,57.0719986
3/5/2019,8.227353096,37.24052429,60.75,55.30799866
3/6/2019,8.049108505,36.6621933,61,55.2480011
3/7/2019,7.955295563,36.42282486,59.72000122,55.31800079
3/8/2019,7.899009705,36.37495041,58.38000107,56.82799911
3/11/2019,8.077252388,36.97816849,59.54999924,58.18399811
3/12/2019,8.039727211,36.97816849,60.99000168,56.67200089
3/13/2019,8.002202988,37.15050888,60.86999893,57.79199982
3/14/2019,7.889627457,36.41324615,60.61000061,57.99200058
3/15/2019,7.908390522,36.45154572,61.06000137,55.08599854
3/18/2019,8.039727211,36.36537552,60.49000168,53.89799881
3/19/2019,8.161684036,36.64304733,59.59999847,53.49399948
3/20/2019,7.983441353,35.42703629,60.61999893,54.72000122
3/21/2019,8.152302742,35.76215363,62.31000137,54.80400085
3/22/2019,8.011583328,34.89084625,61.63000107,52.90599823
3/25/2019,7.983441353,35.18766022,61.61999893,52.08399963
3/26/2019,8.217971802,35.30256271,62.88000107,53.55400085
3/27/2019,8.086634636,35.05361557,63.84000015,54.9659996
3/28/2019,8.227353096,35.48448944,63.68000031,55.72399902
3/29/2019,8.236733437,35.52278519,69.80000305,55.97200012
4/1/2019,8.424358368,36.15472794,69.06999969,57.83599854
4/2/2019,8.452501297,36.20260239,69.79000092,57.17599869
4/3/2019,8.565077782,36.7579422,71.19999695,58.36199951
4/4/2019,8.668272018,37.14093781,72.08999634,53.55599976
4/5/2019,8.677652359,37.28456116,72.04000092,54.99200058
4/8/2019,8.72455883,37.39946365,72.69999695,54.63999939
4/9/2019,8.640128136,37.20796585,73.30999756,54.4620018
4/10/2019,8.752702713,37.58138275,74.30999756,55.2120018
4/11/2019,8.808989525,37.65798187,73.90000153,53.68399811
4/12/2019,8.865276337,38.02182388,74.58000183,53.54000092
4/15/2019,8.752702713,37.88777924,75.02999878,53.27600098
4/16/2019,8.780845642,37.97395325,75.94000244,54.67200089
4/17/2019,8.912183762,38.28992462,77.41999817,54.24599838
4/18/2019,8.959090233,38.5867424,77,54.65200043
4/22/2019,8.912183762,37.820755,75.69999695,52.54999924
4/23/2019,9.055159569,38.13673019,77.33999634,52.77999878
4/24/2019,9.121880531,38.03140259,77.29000092,51.73199844
4/25/2019,8.959841728,37.44733429,76.33000183,49.52600098
4/26/2019,9.922548294,37.99310684,77.97000122,47.02799988
4/29/2019,9.836762428,38.30906677,77.31999969,48.29399872
4/30/2019,9.96067524,37.29413986,77.86000061,47.73799896
5/1/2019,9.817699432,37.10263443,78.34999847,46.80199814
5/2/2019,9.855827332,36.62389374,78.23999786,48.81999969
5/3/2019,9.922548294,37.15050888,78.62000275,51.00600052
5/6/2019,9.884421349,36.4706955,78.30999756,51.06800079
5/7/2019,9.893953323,36.89199066,77.68000031,49.41199875
5/8/2019,9.855827332,36.58559418,77.70999908,48.9679985
5/9/2019,9.722381592,35.98237991,78.52999878,48.39599991
5/10/2019,9.893953323,36.27920151,79.06999969,47.90399933
5/13/2019,9.608001709,35.00574112,76.76000214,45.40200043
5/14/2019,9.760509491,35.46533585,77.18000031,46.4620018
5/15/2019,9.874889374,35.78130341,75.90000153,46.38999939
5/16/2019,9.913016319,35.79088211,75.94000244,45.66600037
5/17/2019,9.808168411,35.42703629,76.38999939,42.20600128
5/20/2019,9.798635483,35.39831543,76.86000061,41.0719986
5/21/2019,9.760509491,35.55150986,77.98000336,41.01599884
5/22/2019,9.503151894,34.03868103,77.90000153,38.54600143
5/23/2019,9.388772011,33.63653564,76.77999878,39.09799957
5/24/2019,9.369707108,33.62696075,76.48000336,38.12599945
5/28/2019,9.322048187,33.36843491,76.23999786,37.74000168
5/29/2019,9.255326271,33.31098938,77.12999725,37.97200012
5/30/2019,9.283922195,33.33971786,78.08999634,37.64400101
5/31/2019,9.074223518,31.92263222,78.27999878,37.0320015
6/3/2019,9.16000843,32.26732635,79.41000366,35.79399872
6/4/2019,9.455492973,34.21102524,80.26999664,38.72000122
6/5/2019,9.322048187,34.31635284,80.04000092,39.31800079
6/6/2019,9.29345417,34.05505753,79.94999695,41.18999863
6/7/2019,9.302985191,34.34538269,79.88999939,40.90000153
6/10/2019,9.360175133,34.84860992,82.36000061,42.57600021
6/11/2019,9.455492973,35.03248596,81.22000122,43.41999817
6/12/2019,9.388772011,34.51957703,82.04000092,41.85200119
6/13/2019,9.588936806,34.85828781,82.15000153,42.7820015
6/14/2019,9.512682915,34.50989914,83.54000092,42.98400116
6/17/2019,9.579404831,34.97441483,83.87000275,45.00600052
6/18/2019,9.627064705,35.51635742,83.66999817,44.94800186
6/19/2019,9.56987381,35.59378052,83.48999786,45.2859993
6/20/2019,9.56987381,35.76797485,83,43.92399979
6/21/2019,9.52221489,35.72925949,85.63999939,44.37200165
6/24/2019,9.484087944,35.76797485,82.63999939,44.72800064
6/25/2019,9.379239082,36.46474838,83.37000275,43.95199966
6/26/2019,9.445960999,36.90023804,84.13999939,43.85400009
6/27/2019,9.722381592,37.08411026,86.86000061,44.56800079
6/28/2019,9.750977516,37.28733444,86.83000183,44.69200134
7/1/2019,9.674722672,37.50024033,87.16000366,45.43399811
7/2/2019,9.646128654,37.10346603,87.69000244,44.90999985
7/3/2019,9.722381592,36.9292717,88.90000153,46.97999954
7/5/2019,9.722381592,37.25830841,88.48000336,46.61999893
7/8/2019,9.722381592,36.99701309,87.80000305,46.06800079
7/9/2019,9.665192604,36.8518486,87.58000183,46.01200104
7/10/2019,9.636595726,36.87120819,87.41000366,47.7840004
7/11/2019,9.712850571,37.19055939,88.76999664,47.72000122
7/12/2019,9.998802185,37.94540405,88.94000244,49.01599884
7/15/2019,9.932080269,38.09056854,88.79000092,50.70000076
7/16/2019,10.01786613,38.15831375,86.38999939,50.47600174
7/17/2019,9.846294403,37.89701843,85.15000153,50.97200012
7/18/2019,9.779572487,37.85830688,86.62999725,50.70800018
7/19/2019,9.722381592,38.20669937,84.83999634,51.63600159
7/22/2019,9.693360329,38.57444,84.76000214,51.13600159
7/23/2019,9.838470459,39.39702606,86.23999786,52.0340004
7/24/2019,9.993253708,39.56154633,88.83999634,52.97600174
7/25/2019,9.248355865,39.43573761,89.33000183,45.76399994
7/26/2019,9.258029938,39.45509338,91.16999817,45.60800171
7/29/2019,9.287052155,39.36799622,91.33999634,47.15399933
7/30/2019,9.238681793,39.12605667,87.80000305,48.45199966
7/31/2019,9.219333649,39.0389595,87.76000214,48.3219986
8/1/2019,9.006505966,38.85508728,86.30000305,46.77000046
8/2/2019,8.977482796,38.49702072,86,46.86800003
8/5/2019,8.929112434,37.75185013,83.93000031,45.66400146
8/6/2019,9.170962334,37.81960297,85.88999939,46.15000153
8/7/2019,9.219333649,38.11959839,82.87000275,46.68399811
8/8/2019,9.248355865,38.80670166,84.02999878,47.65999985
8/9/2019,9.141941071,38.33250427,84.02999878,47.0019989
8/12/2019,8.987156868,37.60669708,83.90000153,45.80199814
8/13/2019,8.958135605,37.75185013,85.38999939,47
8/14/2019,8.70661068,35.99055481,83.75,43.92399979
8/15/2019,8.571174622,35.29377747,84.25,43.12799835
8/16/2019,8.667914391,35.80668259,85.02999878,43.98799896
8/19/2019,8.735631943,36.15507507,85.97000122,45.36600113
8/20/2019,8.667914391,35.76797485,83.33999634,45.17200089
8/21/2019,8.745306969,35.92280579,83.16999817,44.16600037
8/22/2019,8.745306969,36.0582962,83.72000122,44.43000031
8/23/2019,8.484108925,34.89699936,80.83000183,42.27999878
8/26/2019,8.532478333,35.08087158,80.61000061,43
8/27/2019,8.474434853,34.7324791,79.52999878,42.81600189
8/28/2019,8.70661068,35.2647438,81.26999664,43.11800003
8/29/2019,8.822699547,35.71958542,82.79000092,44.34199905
8/30/2019,8.871068954,35.89377975,83.27999878,45.12200165
9/3/2019,8.803351402,35.71958542,82.55999756,45.0019989
9/4/2019,8.900091171,37.00669098,84.97000122,44.13600159
9/5/2019,9.035527229,37.85708237,86.73000336,45.91600037
9/6/2019,9.035527229,37.90595245,86,45.49000168
9/9/2019,9.229007721,38.68792343,86.58999634,46.35800171
9/10/2019,9.112918854,38.68792343,87.30000305,47.10800171
9/11/2019,9.112918854,38.57062531,85.31999969,49.41999817
9/12/2019,9.103245735,38.18941879,86.52999878,49.17399979
9/13/2019,9.141941071,37.98414993,86.75,49.04000092
9/16/2019,8.99683094,36.37133789,84.26000214,48.56200027
9/17/2019,8.977482796,37.42699814,86.08000183,48.95800018
9/18/2019,8.948461533,37.31947708,85.52999878,48.69800186
9/19/2019,8.803351402,36.92848969,86.30999756,49.31999969
9/20/2019,8.871068954,36.52773285,84.62999725,48.12400055
9/23/2019,8.861394882,36.40066528,86.90000153,48.24599838
9/24/2019,8.813024521,35.94125366,86.73999786,44.64199829
9/25/2019,8.900091171,36.2735939,86.08000183,45.74000168
9/26/2019,8.842047691,36.76232529,86.37999725,48.51200104
9/27/2019,8.784003258,36.57660675,87.48000336,48.42599869
9/30/2019,8.861394882,36.63525391,88,48.17399979
10/1/2019,8.609869957,35.29613113,88.69000244,48.93799973
10/2/2019,8.329323769,33.89836121,85.59999847,48.62599945
10/3/2019,8.426064491,34.1916008,84.65000153,46.60599899
10/4/2019,8.455085754,34.12317657,85.59999847,46.2859993
10/7/2019,8.397042274,33.96678543,86.30999756,47.54399872
10/8/2019,8.261606216,33.11639404,85.09999847,48.00999832
10/9/2019,8.280955315,33.37052917,86.59999847,48.90599823
10/10/2019,8.338998795,33.87881088,87.41000366,48.94800186
10/11/2019,8.493782043,34.7682991,90.52999878,49.57799911
10/14/2019,8.532478333,34.69987869,90.02999878,51.39199829
10/15/2019,8.774328232,35.44274902,92.41999817,51.57799911
10/16/2019,8.774328232,35.82396317,92.44000244,51.95000076
10/17/2019,8.813024521,35.3743248,92.73000336,52.39400101
10/18/2019,8.987156868,35.35477829,94.27999878,51.38999939
10/21/2019,8.878996849,35.12018967,96.01999664,50.70000076
10/22/2019,8.918327332,35.49162292,94.18000031,51.11600113
10/23/2019,9.055987358,35.78486633,94.62999725,50.93600082
10/24/2019,8.456188202,35.01266861,95.12000275,59.93600082
10/25/2019,8.574181557,35.9119339,94.76999664,65.62599945
10/28/2019,8.46601963,35.8141861,94.98000336,65.54199982
10/29/2019,8.495518684,37.34879684,95.34999847,63.24399948
10/30/2019,8.397191048,37.05556107,94.76999664,63.0019989
10/31/2019,8.446354866,36.32246399,93.16999817,62.98400116
11/1/2019,8.74133873,37.11420822,94.86000061,62.66199875
11/4/2019,8.849498749,37.52474594,95.41999817,63.49399948
11/5/2019,8.869164467,37.36835098,95.48999786,63.44400024
11/6/2019,8.77083683,37.5540657,94.26999664,65.31600189
11/7/2019,8.74133873,37.62248993,94.08999634,67.10800171
11/8/2019,8.888829231,37.7984314,93.87999725,67.4280014
11/11/2019,8.928160667,37.8473053,94.16000366,69.01799774
11/12/2019,8.888829231,37.72023392,95.26000214,69.98600006
11/13/2019,8.662675858,36.35179138,95.87999725,69.22200012
11/14/2019,8.643010139,35.97058105,96.83999634,69.87000275
11/15/2019,8.80033493,36.05854797,98,70.43399811
11/18/2019,8.80033493,35.79463577,99.73000336,69.9980011
11/19/2019,8.751170158,35.56005096,100.1500015,71.90399933
11/20/2019,8.584012985,34.48483658,99.56999969,70.44400024
11/21/2019,8.564348221,33.88858795,98.18000031,70.96600342
11/22/2019,8.74133873,34.53371429,97.58000183,66.60800171
11/25/2019,8.849498749,35.00289536,97.83000183,67.26799774
11/26/2019,8.859331131,35.10063934,98.63999939,65.78399658
11/27/2019,8.947826385,35.32545471,98.30999756,66.25800323
11/29/2019,8.908495903,35.18861008,97.26000214,65.98799896
12/2/2019,8.859331131,35.07131577,96.69000244,66.97399902
12/3/2019,8.74133873,34.72920227,95.98999786,67.23999786
12/4/2019,8.80033493,34.99311447,96.41000366,66.60600281
12/5/2019,8.780669212,34.88444519,96.08000183,66.0739975
12/6/2019,8.869164467,35.11167145,97.37000275,67.1780014
12/9/2019,8.859331131,34.95360184,96.69000244,67.90599823
12/10/2019,8.918327332,34.68685532,96.94000244,69.76799774
12/11/2019,8.957658768,34.81528854,99.02999878,70.54000092
12/12/2019,9.164147377,35.66492081,99.05000305,71.93599701
12/13/2019,9.075652122,35.22034836,97.87999725,71.6780014
12/16/2019,9.232976913,35.67480469,98,76.30000305
12/17/2019,9.232976913,35.87239456,98.90000153,75.79799652
12/18/2019,9.380468369,36.86034012,98.63999939,78.62999725
12/19/2019,9.252642632,36.81093979,98.79000092,80.80799866
12/20/2019,9.321471214,36.80106354,92.70999908,81.11799622
12/23/2019,9.282140732,36.32684708,89.18000031,83.84400177
12/24/2019,9.311639786,36.13914108,88.86000061,85.05000305
12/26/2019,9.291973114,36.04034424,89.02999878,86.18800354
12/27/2019,9.203477859,36.11938095,88.40000153,86.0759964
12/30/2019,9.095317841,36.00082397,87.43000031,82.94000244
12/31/2019,9.144481659,36.15889359,87.66999817,83.66600037
1/2/2020,9.262475014,36.92949677,89.51000214,86.05200195
1/3/2020,9.055987358,35.88227081,87.26000214,88.60199738
1/6/2020,9.006822586,35.40805817,87.05000305,90.30799866
1/7/2020,9.095317841,34.72637558,87.23000336,93.81199646
1/8/2020,9.095317841,34.23239899,87.08000183,98.4280014
1/9/2020,9.105151176,34.65721893,87.59999847,96.26799774
1/10/2020,9.095317841,34.23239899,89.08999634,95.62999725
1/13/2020,9.085484505,34.55842209,91.02999878,104.9720001
1/14/2020,9.134649277,34.72637558,91.94000244,107.5839996
1/15/2020,9.036320686,34.72637558,92.87999725,103.6999969
1/16/2020,9.016655922,35.12155151,94.69999695,102.697998
1/17/2020,9.006822586,35.17094803,95.68000031,102.0999985
1/21/2020,9.055987358,34.56830215,95.90000153,109.4400024
1/22/2020,9.006822586,34.48926544,97.34999847,113.9120026
1/23/2020,8.987157822,34.45962906,98.11000061,114.4400024
1/24/2020,8.849498749,33.89649582,96.73000336,112.9639969
1/27/2020,8.74133873,33.00734329,95.98000336,111.6039963
1/28/2020,8.820000648,33.23456955,98.56999969,113.3799973
1/29/2020,8.859999657,33.1950531,98.5,116.197998
1/30/2020,8.840000153,32.92831039,99.36000061,128.1620026
1/31/2020,8.819999695,32.98758316,97.04000092,130.1139984
2/3/2020,8.979999542,33.31360626,95.05999756,156
2/4/2020,9.180000305,33.9557724,96.75,177.4120026
2/5/2020,8.31000042,34.6078186,97.97000122,146.9400024
2/6/2020,8.25,33.91625595,96.97000122,149.7920074
2/7/2020,8.109999657,33.2246933,96.30000305,149.6139984
2/10/2020,8.06000042,33.83721924,97.65000153,154.2559967
2/11/2020,8.100000381,34.58805847,98.83999634,154.8760071
2/12/2020,8.239999771,35.06227493,98.23000336,153.4579926
2/13/2020,8.25,34.86468506,98.88999939,160.8000031
2/14/2020,8.100000381,34.34107208,98.80999756,160.0059967
2/18/2020,8.06000042,33.99528885,98.26999664,171.6799927
2/19/2020,8,34.49914169,100.1299973,183.4839935
2/20/2020,8.029999733,34.86468506,101.9000015,179.8820038
2/21/2020,7.889999866,34.23239899,101.2099991,180.1999969
2/24/2020,7.570000172,32.69120026,97.44999695,166.7579956
2/25/2020,7.230000019,31.36734962,93.29000092,159.9819946
2/26/2020,7.210000038,31.61433601,91.30000305,155.7599945
2/27/2020,6.96999979,30.3398819,88.19000244,135.8000031
2/28/2020,6.960000038,30.13241386,87.30999756,133.5980072
3/2/2020,7.199999809,31.04132652,89.73999786,148.723999
3/3/2020,6.96999979,30.152174,86.16000366,149.102005
3/4/2020,7.079999924,31.15000153,90.69999695,149.8999939
3/5/2020,6.739999771,30.10000038,85.93000031,144.9080048
3/6/2020,6.489999771,28.69000053,85,140.6959991
3/9/2020,5.900000095,24.69000053,75.20999908,121.5999985
3/10/2020,6.260000229,27.12000084,79.79000092,129.0659943
3/11/2020,5.900000095,26,76.20999908,126.8460007
3/12/2020,5.349999905,23.04000092,67.87000275,112.1100006
3/13/2020,5.630000114,24.70999908,69.19000244,109.3239975
3/16/2020,5.010000229,21,54.95000076,89.01399994
3/17/2020,5.010000229,20.31999969,53.75999832,86.04000092
3/18/2020,4.5,16.79999924,48.22000122,72.2440033
3/19/2020,4.46999979,17.70999908,48.13000107,85.52799988
3/20/2020,4.329999924,18.13999939,44.27000046,85.5059967
3/23/2020,4.010000229,17.60000038,47.70000076,86.85800171
3/24/2020,4.949999809,21.11000061,56.31999969,101
3/25/2020,5.389999866,21.48999977,63.88000107,107.8499985
3/26/2020,5.25,22.55999947,60.91999817,105.6320038
3/27/2020,5.190000057,21.37999916,58.93000031,102.8720016
3/30/2020,5.03000021,21.31999969,55.75,100.4260025
3/31/2020,4.829999924,20.78000069,53.83000183,104.8000031
4/1/2020,4.400000095,19.26000023,52.36000061,96.31199646
4/2/2020,4.360000134,18.19000053,50.20000076,90.89399719
4/3/2020,4.239999771,18.04000092,48.59999847,96.0019989
4/6/2020,4.53000021,19.54999924,54.45000076,103.2480011
4/7/2020,4.710000038,21.29999924,58.00999832,109.0899963
4/8/2020,5.03000021,23.12999916,63.22000122,109.7679977
4/9/2020,5.369999886,24.05999947,66.5,114.5999985
4/13/2020,5.159999847,23.01000023,62.59999847,130.1900024
4/14/2020,5.289999962,22.97999954,64.38999939,141.9779968
4/15/2020,5.03000021,21.65999985,61.58000183,145.9660034
4/16/2020,4.940000057,20.87000084,59.06999969,149.0420074
4/17/2020,5.119999886,22.47999954,65.22000122,150.7779999
4/20/2020,4.980000019,22.37999916,64.55999756,149.2720032
4/21/2020,4.769999981,21.23999977,63.58000183,137.3439941
4/22/2020,4.769999981,21.29999924,64.91000366,146.4219971
4/23/2020,4.889999866,21.52000046,65.98999786,141.1260071
4/24/2020,4.869999886,21.95000076,70.95999908,145.0299988
4/27/2020,5.170000076,22.45000076,74.97000122,159.75
4/28/2020,5.380000114,22.18000031,74.09999847,153.8240051
4/29/2020,5.260000229,23.78000069,78.98999786,160.102005
4/30/2020,5.090000153,22.29000092,73.65000153,156.3760071
5/1/2020,4.920000076,20.89999962,71.06999969,140.2640076
5/4/2020,4.860000134,20.75,71.68000031,152.2380066
5/5/2020,4.96999979,21.26000023,72.97000122,153.6419983
5/6/2020,4.869999886,21.88999939,72.97000122,156.5160065
5/7/2020,4.869999886,22.44000053,72.87000275,156.0079956
5/8/2020,5.239999771,23.93000031,76.69000244,163.8840027
5/11/2020,5.119999886,22.79999924,75.95999908,162.2579956
5/12/2020,4.980000019,22.55999947,74.77999878,161.8820038
5/13/2020,4.71999979,21.45999908,73.94999695,158.1920013
5/14/2020,4.889999866,22.30999947,75.16999817,160.6660004
5/15/2020,4.900000095,22.62999916,75.80000305,159.8339996
5/18/2020,5.309999943,24.80999947,79.75,162.7259979
5/19/2020,5.300000191,24.69000053,78.94999695,161.602005
5/20/2020,5.489999771,25.47999954,78.34999847,163.1119995
5/21/2020,5.630000114,25.79999924,80.41999817,165.5200043
5/22/2020,5.650000095,25.97999954,81.55000305,163.3760071
5/26/2020,5.840000153,27.39999962,85.22000122,163.7740021
5/27/2020,6.03000021,27.79000092,89.20999908,164.0460052
5/28/2020,5.849999905,26.68000031,88.68000031,161.1620026
5/29/2020,5.710000038,25.87999916,88.05000305,167
6/1/2020,5.869999886,26.94000053,90.08999634,179.6199951
6/2/2020,5.900000095,27.40999985,92.02999878,176.3119965
6/3/2020,6.190000057,29.06999969,94.80000305,176.5919952
6/4/2020,6.570000172,29.15999985,93.12999725,172.8760071
6/5/2020,7.340000153,30.61000061,95.93000031,177.1320038
6/8/2020,7.53000021,30.68000031,98.34999847,189.9839935
6/9/2020,7.239999771,29.86000061,94.91999817,188.1340027
6/10/2020,6.809999943,28.75,91.98999786,205.0099945
6/11/2020,6.130000114,26.5,87.29000092,194.5679932
6/12/2020,6.460000038,27.95999908,89.98000336,187.0559998
6/15/2020,6.5,27.77000046,92.83000183,198.1799927
6/16/2020,6.550000191,27.78000069,96.36000061,196.4259949
6/17/2020,6.329999924,27.15999985,96.98999786,198.3580017
6/18/2020,6.329999924,27.09000015,97.91000366,200.7920074
6/19/2020,6.230000019,26.59000015,91.87000275,200.1799927
6/22/2020,6.28000021,26.37000084,93.95999908,198.8639984
6/23/2020,6.150000095,26.25,92.20999908,200.3560028
6/24/2020,5.949999809,25.28000069,89.44999695,192.1699982
6/25/2020,6.03000021,25.22999954,89.58999634,197.1959991
6/26/2020,5.909999847,24.45999908,86.58000183,191.947998
6/29/2020,6.010000229,25.29999924,88.98000336,201.8699951
6/30/2020,6.079999924,25.29999924,89.55000305,215.9620056
7/1/2020,5.980000019,24.95999908,89.01999664,223.9259949
7/2/2020,6.050000191,25.23999977,89.22000122,241.7319946
7/6/2020,6.190000057,25.72999954,90.37999725,274.3160095
7/7/2020,6.119999886,25.12999916,88.58999634,277.9719849
7/8/2020,6.090000153,24.94000053,88.69999695,273.1759949
7/9/2020,5.840000153,23.42000008,86.23000336,278.8559875
7/10/2020,6.099999905,24.38999939,88.19000244,308.9299927
7/13/2020,6.059999943,24.86000061,87.27999878,299.4119873
7/14/2020,6.360000134,25.63999939,91.34999847,303.3599854
7/15/2020,6.739999771,26.87999916,95.04000092,309.2019958
7/16/2020,6.860000134,26.85000038,95.22000122,300.1279907
7/17/2020,6.800000191,26.45000076,95.01999664,300.1679993
7/20/2020,6.659999847,26.01000023,93.34999847,328.6000061
7/21/2020,6.679999828,26.14999962,95.26999664,313.6719971
7/22/2020,6.840000153,26.29999924,97.84999847,318.4660034
7/23/2020,6.980000019,26.76000023,97.77999878,302.6140137
7/24/2020,6.880000114,26.25,97.45999908,283.3999939
7/27/2020,6.929999828,25.70000076,97.76999664,307.9200134
7/28/2020,7.010000229,26.32999992,97.16999817,295.2980042
7/29/2020,6.920000076,25.88999939,98.68000031,299.821991
7/30/2020,6.739999771,25.20000076,98.33000183,297.4979858
7/31/2020,6.610000134,24.88999939,96.97000122,286.1520081
8/3/2020,6.690000057,25.63999939,97.40000153,297
8/4/2020,6.860000134,25.79999924,99.36000061,297.3999939
8/5/2020,6.960000038,26.32999992,100.3600006,297.0039978
8/6/2020,6.929999828,26.62000084,100.6500015,297.9159851
8/7/2020,6.860000134,26.71999931,100.2799988,290.5419922
8/10/2020,7.090000153,27.97999954,102.1999969,283.7139893
8/11/2020,7.230000019,28.52000046,103.9899979,274.8779907
8/12/2020,7.110000134,28.03000069,106.2399979,310.9519958
8/13/2020,7.03000021,27.54999924,104.3600006,324.2000122
8/14/2020,7.039999962,27.86000061,104.3499985,330.1419983
8/17/2020,6.980000019,30.01000023,105.6200027,367.1279907
8/18/2020,6.889999866,29.84000015,106.6299973,377.4179993
8/19/2020,6.869999886,29.21999931,106.7799988,375.7059937
8/20/2020,6.840000153,28.82999992,106.1200027,400.3659973
8/21/2020,6.659999847,28.55999947,106.9199982,409.9960022
8/24/2020,6.980000019,30.30999947,108.8000031,402.8399963
8/25/2020,6.940000057,29.69000053,107.0400009,404.6679993
8/26/2020,6.820000172,29.47999954,107.2300034,430.6340027
8/27/2020,6.909999847,29.69000053,106.5400009,447.75
8/28/2020,6.940000057,30.02000046,107.25,442.6799927
8/31/2020,6.820000172,29.62999916,106.9300003,498.3200073
9/1/2020,6.829999924,29.79000092,108.5800018,475.0499878
9/2/2020,6.949999809,30.95999908,108.5999985,447.3699951
9/3/2020,6.820000172,29.47999954,106.3199997,407
9/4/2020,6.900000095,30,105.5800018,418.3200073
9/8/2020,7.03000021,32.38000107,104.6200027,330.2099915
9/9/2020,6.96999979,31.95000076,105.1500015,366.2799988
9/10/2020,6.909999847,30.17000008,102.4599991,371.3399963
9/11/2020,7,30.45999908,101.6299973,372.7200012
9/14/2020,7.119999886,31.18000031,104.8000031,419.6199951
9/15/2020,7.039999962,31.57999992,105.0100021,449.7600098
9/16/2020,7.019999981,31.79000092,104.5100021,441.7600098
9/17/2020,7.28000021,31.92000008,102.9899979,423.4299927
9/18/2020,7.230000019,31.5,103.0699997,442.1499939
9/21/2020,6.869999886,30,101.1200027,449.3900146
9/22/2020,6.78000021,29.44000053,104.3000031,424.230011
9/23/2020,6.639999866,29.34000015,105.9300003,380.3599854
9/24/2020,6.659999847,29.11000061,94.27999878,387.7900085
9/25/2020,6.510000229,29,94.02999878,407.3399963
9/28/2020,6.690000057,29.44000053,95.05000305,421.2000122
9/29/2020,6.599999905,28.73999977,93.08000183,419.0700073
9/30/2020,6.659999847,29.59000015,91.91000366,429.0100098
10/1/2020,6.75,30.37999916,93.48999786,448.1600037
10/2/2020,6.889999866,30.45999908,95.55000305,415.0899963
10/5/2020,7.019999981,30.95999908,97.91000366,425.6799927
10/6/2020,6.980000019,30.39999962,93.15000153,413.980011
10/7/2020,7.230000019,31.62000084,94.09999847,425.2999878
10/8/2020,7.349999905,32.20999908,95.94000244,425.9200134
10/9/2020,7.25,32.15999985,94.95999908,434
10/12/2020,7.670000076,32.20999908,92.51000214,442.2999878
10/13/2020,7.760000229,31.87000084,93.12999725,446.6499939
10/14/2020,7.570000172,31.67000008,91.58000183,461.2999878
10/15/2020,7.619999886,32.59000015,93.12000275,448.8800049
10/16/2020,7.670000076,33.45000076,93.73999786,439.6700134
10/19/2020,7.590000153,33.34999847,92.04000092,430.8299866
10/20/2020,7.739999771,35.59999847,91.12999725,421.9400024
10/21/2020,7.849999905,35.77000046,89.80999756,422.6400146
10/22/2020,8.210000038,37.40999985,91.41999817,425.7900085
10/23/2020,8.159999847,36.83000183,90.94999695,420.6300049
10/26/2020,8.029999733,35.81999969,88.79000092,420.2799988
10/27/2020,7.920000076,34.88999939,87.44000244,424.6799927
10/28/2020,7.699999809,34.09000015,87.87999725,406.019989
10/29/2020,7.900000095,34.88999939,88.20999908,410.8299866
10/30/2020,7.730000019,34.52999878,86.44000244,388.0400085
11/2/2020,7.710000038,34.54999924,89.08000183,400.5100098
11/3/2020,7.880000114,35.34999847,93.12000275,423.8999939
11/4/2020,7.639999866,35.24000168,91.55000305,420.980011
11/5/2020,7.989999771,37.13999939,93.31999969,438.0899963
11/6/2020,7.789999962,37.47000122,92.75,429.9500122
11/9/2020,8.199999809,38.95999908,95.97000122,421.2600098
11/10/2020,8.380000114,41.08000183,94.30999756,410.3599854
11/11/2020,8.329999924,40.56000137,93.41999817,417.1300049
11/12/2020,8.210000038,39.31999969,93.09999847,411.7600098
11/13/2020,8.539999962,41.18999863,95.48000336,408.5
11/16/2020,8.800000191,42.13000107,97.58999634,408.0899963
11/17/2020,8.75,41.97999954,94.73000336,441.6099854
11/18/2020,8.819999695,42.72000122,92.81999969,486.6400146
11/19/2020,8.819999695,42.81999969,94.52999878,499.269989
11/20/2020,8.739999771,43.04000092,94.55000305,489.6099854
11/23/2020,8.859999657,44.77000046,96.44000244,521.8499756
11/24/2020,9.449999809,46.45999908,96.04000092,555.3800049
11/25/2020,9.079999924,45.45999908,95.29000092,574
11/27/2020,9.090000153,45.06000137,95.37000275,585.7600098
11/30/2020,9.079999924,43.84000015,93.48000336,567.5999756
12/1/2020,9.239999771,44.68000031,96.13999939,584.7600098
12/2/2020,9.199999809,44.58000183,96.47000122,568.8200073
12/3/2020,9.210000038,44.09000015,96.26999664,593.3800049
12/4/2020,9.340000153,44.40000153,96.5,599.039978
12/7/2020,9.220000267,44.31000137,96.05999756,641.7600098
12/8/2020,9.25,43.79999924,94.37999725,649.8800049
12/9/2020,9.449999809,44.43000031,94.87000275,604.4799805
12/10/2020,9.119999886,42.86999893,94.33999634,627.0700073
12/11/2020,9.020000458,41.91999817,93.93000031,609.9899902
12/14/2020,8.909999847,41.61999893,92.54000092,639.8300171
12/15/2020,9.149999619,41.65999985,96.12999725,633.25
12/16/2020,9.039999962,41.41999817,99.08000183,622.7700195
12/17/2020,9.079999924,42.02999878,99.79000092,655.9000244
12/18/2020,8.949999809,41.00999832,98.25,695
12/21/2020,8.930000305,41.20999908,100.4599991,649.8599854
12/22/2020,8.789999962,40.90000153,92.33000183,640.3400269
12/23/2020,8.989999771,42.45000076,93.18000031,645.9799805
12/24/2020,8.859999657,41.58000183,92.30000305,661.7700195
12/28/2020,8.890000343,41.65999985,91,663.6900024
12/29/2020,8.819999695,41.56999969,92.23999786,665.9899902
12/30/2020,8.859999657,41.84000015,94.62000275,694.7800293
12/31/2020,8.789999962,41.63999939,94.45999908,705.6699829
1/4/2021,8.520000458,40.50999832,93.30000305,729.7700195
1/5/2021,8.649999619,41.65999985,94.19999695,735.1099854
1/6/2021,8.840000153,42.97999954,97.95999908,755.9799805
1/7/2021,9.06000042,43.31999969,100.3000031,816.039978
1/8/2021,9,43.06000137,102.0999985,880.0200195
1/11/2021,9.300000191,45.00999832,104.6399994,811.1900024
1/12/2021,9.779999733,47.81999969,106.5,849.4400024
1/13/2021,9.779999733,48.72999954,105.4899979,854.4099731
1/14/2021,10.17000008,51.52999878,106.3499985,845
1/15/2021,9.829999924,49.97000122,106.4400024,826.1599731
1/19/2021,10.02000046,54.84000015,116.4300003,844.5499878
1/20/2021,10.85999966,55.86000061,122.7900009,850.4500122
1/21/2021,11.52999973,55.08000183,120.2900009,844.9899902
1/22/2021,11.52000046,55.40000153,118.6399994,846.6400146
1/25/2021,11.28999996,53.38999939,120.9599991,880.7999878
1/26/2021,11.18999958,52.04000092,127.7900009,883.0900269
1/27/2021,10.78999996,49.34000015,121.4499969,864.1599731
1/28/2021,10.72000027,51.04000092,121.2900009,835.4299927
1/29/2021,10.52999973,50.68000031,117.7799988,793.5300293
2/1/2021,10.82999992,51.50999832,116.9100037,839.8099976
2/2/2021,10.85999966,52.72000122,123.0400009,872.789978
2/3/2021,11.19999981,54.25,123.3099976,854.6900024
2/4/2021,11.36999989,54.13000107,125.6600037,849.9899902
2/5/2021,11.51000023,54.40999985,126.1699982,852.2299805
2/8/2021,11.56000042,56.88000107,126.8499985,863.4199829
2/9/2021,11.93000031,56.06000137,125.4199982,849.460022
2/10/2021,11.76000023,54.88000107,125.4199982,804.8200073
2/11/2021,11.44999981,53.5,126.8399963,811.6599731
2/12/2021,11.44999981,53.59999847,125.0999985,816.1199951
2/16/2021,11.53999996,53.45999908,122.3600006,796.2199707
2/17/2021,11.47999954,52.88999939,122.5100021,798.1500244
2/18/2021,11.43000031,52.15999985,120.2399979,787.3800049
2/19/2021,11.57999992,52.56999969,121.3199997,781.2999878
2/22/2021,11.69999981,51.97999954,119.3799973,714.5
2/23/2021,11.61999989,51.11000061,119.2600021,698.8400269
2/24/2021,12.27000046,52.90000153,121.8399963,742.0200195
2/25/2021,11.76000023,50.59999847,118.9199982,682.2199707
2/26/2021,11.69999981,51.33000183,119.5100021,675.5
3/1/2021,11.97999954,52.54000092,121.3899994,718.4299927
3/2/2021,12.55000019,54.11000061,120.9800034,686.4400024
3/3/2021,12.17000008,52.66999817,121.8000031,653.2000122
3/4/2021,11.93000031,51.83000183,120.3000031,621.4400024
3/5/2021,12.27000046,53.75,123.1999969,597.9500122
3/8/2021,12.64999962,54.97999954,129.1699982,563
3/9/2021,12.56999969,54.65000153,128.6699982,673.5800171
3/10/2021,12.90999985,56.83000183,133.5500031,668.0599976
3/11/2021,12.81000042,56.33000183,132.9700012,699.5999756
3/12/2021,13.36999989,59.25999832,133.7599945,693.7299805
3/15/2021,13.19999981,57.93999863,134.3500061,707.9400024
3/16/2021,12.48999977,57.11999893,131.1199951,676.8800049
3/17/2021,12.68999958,60.04999924,132.0500031,701.8099976
3/18/2021,12.48999977,59.27000046,134.5599976,653.1599731
3/19/2021,12.82999992,59.81999969,133.2400055,654.8699951
3/22/2021,12.85000038,58.09999847,132.3000031,670
3/23/2021,12.21000004,56.15999985,131.0200043,662.1599731
3/24/2021,12.14000034,55.81000137,128.3500061,630.2700195
3/25/2021,12.31999969,56.59999847,130.6000061,640.3900146
3/26/2021,12.30000019,56.52000046,133.8099976,618.710022
3/29/2021,12.14999962,55.93999863,134.5700073,611.289978
3/30/2021,12.46000004,58.50999832,135.8300018,635.6199951
3/31/2021,12.25,57.45999908,132.6600037,667.9299927
4/1/2021,12.17000008,57.79999924,123.3099976,661.75
4/5/2021,12.69999981,61.04000092,128.0599976,691.0499878
4/6/2021,12.92000008,61.93999863,126.3300018,691.6199951
4/7/2021,12.72999954,60.83000183,126.0999985,670.9699707
4/8/2021,12.51000023,60.09000015,128.1499939,683.7999878
4/9/2021,12.51000023,60.15999985,131.6300049,677.0200195
4/12/2021,12.38000011,59.65999985,132.1000061,701.9799805
4/13/2021,12.19999981,58.49000168,130.1499939,762.3200073
4/14/2021,12.23999977,58.47999954,129.6199951,732.2299805
4/15/2021,12.23999977,58.61000061,129.1900024,738.8499756
4/16/2021,12.22999954,58.70999908,129.9700012,739.7800293
4/19/2021,12.10999966,57.88000107,130.1000061,714.6300049
4/20/2021,11.44999981,55.77000046,127.8000031,718.9899902
4/21/2021,11.72999954,57.49000168,128.9299927,744.1199951
4/22/2021,11.93999958,56.65999985,129.0500031,719.6900024
4/23/2021,12.22000027,57.52999878,131.0800018,729.4000244
4/26/2021,12.27000046,58.20999908,131.4299927,738.2000122
4/27/2021,12.48999977,58.97000122,133.0500031,704.7399902
4/28/2021,12.43000031,58.54999924,134.0899963,694.4000244
4/29/2021,11.26000023,56.56999969,133.1900024,677
4/30/2021,11.53999996,57.22000122,133.2400055,709.4400024
5/3/2021,11.63000011,57.15000153,136.9400024,684.9000244
5/4/2021,11.40999985,55.34000015,137.4100037,673.5999756
5/5/2021,11.60999966,57.58000183,137.8999939,670.9400024
5/6/2021,11.73999977,58.72000122,130.2899933,663.539978
5/7/2021,11.81999969,58.99000168,129.9900055,672.3699951
5/10/2021,11.71000004,57.40999985,127.9100037,629.039978
5/11/2021,11.57999992,55.72999954,123.4199982,617.2000122
5/12/2021,11.32999992,53.75999832,118.0699997,589.8900146
5/13/2021,11.55000019,54.59999847,121.1100006,571.6900024
5/14/2021,11.84000015,56,124.8300018,589.7399902
5/17/2021,12.14999962,56.04000092,124.4400024,576.8300171
5/18/2021,12.14000034,55.88999939,120.1600037,577.8699951
5/19/2021,12.10999966,55.52999878,115.9100037,563.460022
5/20/2021,12.48999977,55.50999832,117.1900024,586.7800293
5/21/2021,13.32999992,56.72000122,116.6800003,580.8800049
5/24/2021,13.06000042,56.59999847,113.8799973,606.4400024
5/25/2021,12.81000042,56.75999832,113.3700027,604.6900024
5/26/2021,13.89999962,58.08000183,114.7900009,619.1300049
5/27/2021,14.88000011,59.77000046,115.7900009,630.8499756
5/28/2021,14.52999973,59.31000137,115.1900024,625.2199707
6/1/2021,14.81000042,59.65000153,116.6999969,623.9000244
6/2/2021,14.90999985,59.65000153,114.6999969,605.1199951
6/3/2021,15.98999977,63.45999908,113.8099976,572.8400269
6/4/2021,15.97000027,63.36999893,114.0500031,599.0499878
6/7/2021,15.88000011,63.22999954,114.5599976,605.1300049
6/8/2021,15.63000011,63.91999817,115.0299988,603.5900269
6/9/2021,15.47999954,62.77000046,115,598.7800293
6/10/2021,15.10999966,61.34000015,115,610.1199951
6/11/2021,15.27999973,61.49000168,116.8499985,609.8900146
6/14/2021,14.86999989,60.79000092,118.0999985,617.6900024
6/15/2021,15,60.81000137,118.8300018,599.3599854
6/16/2021,15.02000046,61.75999832,117.4700012,604.8699951
6/17/2021,14.77000046,60.08000183,115.9199982,616.5999756
6/18/2021,14.52000046,58.75999832,113.1600037,623.3099976
6/21/2021,14.77999973,59.29999924,116.0899963,620.8300171
6/22/2021,14.90999985,59.24000168,117.4499969,623.710022
6/23/2021,15.42000008,60.11999893,118.2699966,656.5700073
6/24/2021,15.26000023,60.04000092,119.4300003,679.8200073
6/25/2021,15.18999958,60.29999924,127.4000015,671.8699951
6/28/2021,14.96000004,58.63999939,129.0099945,688.7199707
6/29/2021,15.01000023,58.83000183,130.6499939,680.7600098
6/30/2021,14.85999966,59.16999817,129.1499939,679.7000122
7/1/2021,14.90999985,59.11000061,130.5800018,677.9199829
7/2/2021,14.93000031,58.95999908,133.8200073,678.9000244
7/6/2021,14.5,57.45999908,132.7400055,659.5800171
7/7/2021,14.22999954,56.59000015,136.8800049,644.6500244
7/8/2021,14.06000042,56.06000137,133.2700043,652.8099976
7/9/2021,14.47999954,58.75999832,134.8399963,656.9500122
7/12/2021,14.60999966,58.97000122,135.4199982,685.7000122
7/13/2021,14.42000008,58.72999954,131.7400055,668.539978
7/14/2021,14.25,58,134.1900024,653.3800049
7/15/2021,14.01000023,56.95000076,131.2599945,650.5999756
7/16/2021,13.60999966,55.45999908,130.9499969,644.2199707
7/19/2021,13.27999973,54.18000031,128.5500031,646.2199707
7/20/2021,13.90999985,56.15000153,134.3800049,660.5
7/21/2021,14.18999958,57.04999924,135.9299927,655.289978
7/22/2021,13.90999985,55.63999939,134.4100037,649.2600098
7/23/2021,13.81999969,54.93999863,134.8399963,643.3800049
7/26/2021,14.02999973,55.77000046,135.0899963,657.6199951
7/27/2021,13.78999996,55,134.9700012,644.7800293
7/28/2021,13.85999966,55.49000168,133.3000031,646.9799805
7/29/2021,14.39000034,57.27999878,134.9700012,677.3499756
7/30/2021,13.94999981,56.84000015,133.9499969,687.2000122
8/2/2021,13.90999985,57.02999878,136.5,709.6699829
8/3/2021,14.02000046,57.88000107,139.6999969,709.7399902
8/4/2021,13.31999969,52.72000122,136.6199951,710.9199829
8/5/2021,13.71000004,54.43999863,136,714.6300049
8/6/2021,13.80000019,55.04999924,134.0200043,699.0999756
8/9/2021,13.75,53.95000076,132.8500061,713.7600098
8/10/2021,13.81999969,54.25999832,135.3099976,709.9899902
8/11/2021,13.93000031,54.27000046,131.8999939,707.8200073
8/12/2021,13.89999962,54.61999893,129.3399963,722.25
